User,L1.6.2,L1.21.1,L1.4.3,L1.23.1,L2.10.1,L2.17.1,L2.29.1,L2.2.1,L3.9.1,L3.11.1,L3.21.1,L3.18.1,L4.3.1,L4.16.1,L4.13.1,L4.22.1,L5.15.1,L5.9.1,L5.24.1,L5.26.1,L6.11.1,L6.29.2,L6.9.1,L6.12.2,L7.16.1,L7.17.1,L7.22.1,L7.25.1,L8.3.3,L8.19.1,L8.30.1,L8.11.1,L9.21.1,L9.24.1,L9.8.1,L9.3.1,L10.16.1,L10.21.1,L10.7.1,L10.22.3,P1.6.2,P1.21.1,P1.4.3,P1.23.1,P2.10.1,P2.17.1,P2.29.1,P2.2.1,P3.9.1,P3.11.1,P3.21.1,P3.18.1,P4.3.1,P4.16.1,P4.13.1,P4.22.1,P5.15.1,P5.9.1,P5.24.1,P5.26.1,P6.11.1,P6.29.2,P6.9.1,P6.12.2,P7.16.1,P7.17.1,P7.22.1,P7.25.1,P8.3.3,P8.19.1,P8.30.1,P8.11.1,P9.21.1,P9.24.1,P9.8.1,P9.3.1,P10.16.1,P10.21.1,P10.7.1,P10.22.3
PT-mja-002,1,0,0,0,0,0,0,0,0,0,0,0,0,0,0,0,0,0,0,0,0,0,0,0,0,0,0,0,0,0,0,0,NA,0,0,0,NA,NA,NA,0,2.515668631,-1.000011683,-1.000006437,0.99800688,-1.000006437,-1.000006437,-0.001006409,-1.000006437,-1.000006437,-1.000006437,-1.000011683,-1.000011683,-1.000006437,-3.159995079,-1.000006437,-1.000006437,-1.000011683,-1.000006437,-0.001006409,0.998030901,-1.000006437,-1.000006437,-1.000006437,-1.000006437,-1.000006437,-1.582671165,-1.000011683,-1.000011683,-1.000006437,-0.833342195,-0.001333333,-0.002666667,NA,-0.002666667,-0.002666667,-0.002666667,NA,NA,NA,-0.001333333
TU-alk-354,0,0,0,0,0,0,0,0,0,0,0,0,0,0,0,0,0,0,0,0,0,0,1,1,0,0,0,0,0,0,0,1,0,0,0,0,0,0,0,0,-1.000006437,-1.000011683,-1.000006437,1.99702549,-1.000006437,-1.000006437,0.998050392,-1.000006437,-1.000006437,-1.000006437,-1.000011683,-1.000011683,-1.455998302,-1.000006437,-1.650667191,-1.058666706,-1.000011683,-1.000006437,-1.000011683,2.996043444,-1.000006437,-1.000006437,0.565668344,0.025660716,-1.185333014,-1.023333311,-1.000011683,-1.000011683,-1.000006437,-1.155999422,-1.082666516,1.615334749,-1.000006437,-1.000006437,0.997991562,0.997993588,-1.447335601,-1.000011683,-1.852009058,-1.000011683
TU-aql-76,1,1,1,1,1,1,0,1,1,1,1,1,0,1,1,1,1,1,1,1,1,1,1,1,0,0,1,0,0,0,0,0,1,1,1,1,1,1,1,1,2.738334179,9.198043823,0.759000599,9.144055367,0.665667772,1.876666665,0.743667603,0.876333296,0.736334085,0.60833478,0.713667095,1.668666363,-1.136000037,3.745666504,0.688334346,0.611001372,0.06565614,0.612334728,3.548017025,5.601027012,0.397667021,0.388333529,0.684334338,0.49900201,-1.096000075,-1.095333099,0.610332012,0.998060763,0.997993588,-1.092666507,-1.192665935,-1.000006437,4.994031429,4.994035244,2.996026993,10.9880476,0.406328559,0.046989154,0.614998758,0.292326629
TU-bbl-70,1,0,1,0,0,1,0,1,0,0,NA,0,NA,NA,0,0,0,0,0,0,0,0,0,0,0,1,1,0,0,0,1,0,0,0,0,0,0,0,0,NA,2.473001719,0.998009741,0.597668171,1.997020245,-1.000006437,1.434000969,0.384994864,0.520335197,-1.000006437,-1.000006437,NA,-0.001333333,NA,NA,-0.002666667,-0.002666667,-1.000011683,-1.000006437,-0.001010566,1.997010231,-1.000006437,-1.000006437,-1.000006437,-1.000006437,-1.000006437,0.266992867,0.209658578,-1.000011683,-1.000006437,-1.171332717,1.039322376,-1.000006437,-1.000006437,2.996002197,-1.000006437,-1.000006437,-1.783341289,-0.989344835,-0.001333333,NA
TU-bdz-351,1,0,1,1,1,0,1,1,1,1,1,1,0,1,1,1,0,0,1,1,1,1,1,1,0,0,1,1,0,1,0,1,0,0,0,1,0,0,NA,0,2.64900136,6.992047787,0.740334034,9.018716812,0.572334945,0.60833478,2.488330603,0.473668307,0.340332717,0.266998142,0.63366574,1.072656393,-1.447998285,2.067006826,0.188330144,0.543001771,-1.000011683,-1.000006437,3.219370604,5.358374119,0.122995697,0.118995629,0.281665057,0.350999564,-1.443998337,-1.150666118,0.609665334,2.683001995,0.997993588,1.44799602,-1.249998927,1.265998125,2.996043921,2.996001959,0.997993588,10.98804474,-1.312666655,-1.000011683,NA,-1.000011683
TU-bns-120,1,0,1,1,1,1,1,1,1,1,1,1,0,1,1,1,1,1,1,1,1,1,1,1,1,0,1,0,0,1,1,1,1,1,1,0,0,1,0,1,2.739667416,6.992048264,0.613668084,9.237377167,0.699000955,1.870000005,2.511012316,0.843000174,0.733667374,0.71100086,0.711667061,1.711333752,-1.469331503,3.676333189,0.633667946,0.729667425,0.464329541,0.684334338,3.40468955,5.582360268,0.585668206,0.480335087,0.757667303,0.545668423,0.5123353,-1.105999708,0.597665131,0.998053372,0.99799192,1.726667404,1.782667518,1.539335132,4.994039059,4.994042397,2.996044397,8.990041733,-1.131999612,0.220325425,-1.126666307,0.23499234
TU-bre-51,0,0,1,0,0,1,0,1,1,1,1,0,0,0,0,0,0,1,1,1,0,0,1,0,1,1,NA,0,0,0,0,1,0,0,1,0,0,0,0,0,-1.000006437,4.994041443,0.289665192,3.99505043,-1.913671613,1.602001429,1.414662123,0.50566864,0.173663229,0.108328782,0.350994289,-1.000011683,-1.000006437,0.336353213,-1.230666161,-1.198666334,-1.000011683,0.134995908,3.082711935,5.021729946,-1.000006437,-1.000006437,0.568334937,-1.000006437,0.085661732,0.258326054,NA,0.998045862,-1.000006437,-1.608005047,-1.102666378,1.035327554,-1.000006437,-1.000006437,2.996021271,4.994019508,-1.556670785,-1.000011683,-1.166666031,-1.000011683
TU-bza-91,1,1,1,0,1,1,1,1,1,1,NA,NA,0,NA,NA,NA,0,1,1,1,1,1,1,1,1,1,1,0,0,0,0,1,0,0,1,1,0,0,0,0,2.246331215,9.003388405,0.541668415,7.991060257,0.688334346,1.691334367,2.577668428,0.799000382,0.501668692,0.101662003,NA,NA,-1.000006437,NA,NA,NA,-1.000011683,0.540335119,3.504683495,5.44703722,0.344332784,0.340332717,0.332332581,0.356332988,0.273664922,0.550330997,0.606331944,0.998053133,0.997993588,-1.949344158,-0.466669321,1.490001917,2.996049881,2.996005774,3.278677225,10.98804855,-1.492669702,-0.341333866,-1.777341127,-1.000011683
TU-csb-89,1,1,1,0,1,0,1,1,1,1,1,1,1,1,1,1,1,1,1,1,1,1,1,1,0,0,1,0,0,0,0,1,0,0,1,1,0,0,0,1,2.659667969,9.082720757,0.721667469,-0.078667149,0.773667216,0.865666687,2.575668097,0.821666956,0.71766746,0.704334259,0.731000721,1.7613343,0.066994749,3.388333082,0.552335024,0.624334693,0.209658578,0.68700099,3.526685715,5.558362961,0.318999022,0.473668307,0.537668467,0.56033504,-1.055999994,-1.150666118,0.614998758,0.998046577,0.997992396,-1.079999924,-1.073333263,1.618001342,2.996056795,0.997990727,2.996044397,10.98805237,-1.388001204,-1.000011683,-1.134666204,0.069656208
TU-ctk-162,0,0,0,0,0,0,0,1,0,0,0,0,0,0,0,0,0,0,0,NA,NA,NA,NA,NA,NA,NA,NA,NA,NA,NA,NA,NA,NA,NA,NA,NA,NA,NA,NA,NA,-1.000006437,-1.000011683,-1.000006437,-1.000011683,-1.000006437,-1.000006437,0.151657596,0.288331836,-1.000006437,-1.000006437,-1.000011683,-1.000011683,-1.194666266,-1.000006437,-1.000006437,-1.000006437,-1.000011683,-1.000006437,-1.000011683,NA,NA,NA,NA,NA,NA,NA,NA,NA,NA,NA,NA,NA,NA,NA,NA,NA,NA,NA,NA,NA
TU-ctn-21,1,0,1,0,1,1,1,1,1,1,0,0,0,0,0,0,NA,NA,NA,NA,NA,NA,NA,NA,NA,NA,NA,NA,NA,NA,NA,NA,NA,NA,NA,NA,NA,NA,NA,NA,2.633001328,2.996032,0.432334274,0.998012125,0.424334139,1.440667748,2.477663755,0.298998684,0.1896635,0.021660648,-1.000011683,-1.000011683,-1.000006437,-1.000006437,-1.000006437,-1.000006437,NA,NA,NA,NA,NA,NA,NA,NA,NA,NA,NA,NA,NA,NA,NA,NA,NA,NA,NA,NA,NA,NA,NA,NA
TU-djq-147,1,1,1,0,1,1,1,1,1,1,1,1,1,1,NA,1,NA,1,1,1,1,0,1,1,1,1,1,0,1,1,1,1,1,1,1,1,0,0,0,1,2.76233387,9.213377953,0.700334251,5.430690765,0.581668258,1.84066689,2.540344,0.677667737,0.589668155,0.372333258,0.703666925,1.621999025,0.085661732,3.506999969,NA,0.484335154,NA,0.660334468,3.512686491,5.589360714,0.459001392,-1.000006437,0.691000938,0.483001798,0.496335357,0.685666621,0.57833147,0.998055995,3.025326014,1.565998077,1.587331772,1.655334473,4.994037151,4.994035244,2.996039152,10.98805237,-1.230665684,-1.000011683,-1.360667467,0.372327983
TU-dkj-73,1,0,1,0,1,1,1,1,1,0,1,0,NA,NA,0,1,0,0,0,0,0,0,1,0,0,1,1,0,0,0,0,0,0,0,0,0,0,0,0,0,2.148996353,2.996037245,0.065661393,4.994051456,0.350999564,1.403333783,2.529005766,0.428334206,0.301665395,-1.000006437,0.152990952,-1.000011683,NA,NA,-1.000006437,0.326999158,-1.000011683,-1.000006437,1.99702692,3.995064735,-1.000006437,-1.000006437,0.431000918,-1.000006437,-1.000006437,0.655666113,0.58833164,-0.001007959,-1.000006437,-1.217999101,-0.98467809,-1.000006437,0.997993588,1.248663306,0.997993588,2.996013165,-1.615338445,-1.000011683,-1.733340502,-0.691339791
TU-dmr-57,1,0,1,0,1,1,0,1,0,1,1,0,NA,NA,NA,NA,NA,NA,NA,NA,NA,NA,NA,NA,NA,NA,NA,NA,NA,NA,NA,NA,NA,NA,NA,NA,NA,NA,NA,NA,2.506335258,3.99503088,0.186996788,1.190713167,0.346999496,1.483335137,0.545664251,0.793667078,-1.000006437,0.101662003,0.625665605,-1.000011683,NA,NA,NA,NA,NA,NA,NA,NA,NA,NA,NA,NA,NA,NA,NA,NA,NA,NA,NA,NA,NA,NA,NA,NA,NA,NA,NA,NA
TU-dqz-50,1,0,0,0,0,1,0,1,0,1,1,0,0,1,0,0,0,0,0,0,0,0,1,0,0,1,0,0,0,0,0,1,0,0,1,0,0,0,0,0,2.553001881,1.997035503,-1.000006437,2.996020555,-1.000006437,1.410000563,0.465662897,0.216330618,-1.000006437,0.216330618,0.344994187,-1.000011683,-1.000006437,2.957663536,-1.000006437,-1.646667123,-1.000011683,-1.000006437,1.99702549,3.995060921,-1.000006437,-1.000006437,0.218997329,-1.000006437,-1.940005422,0.367661238,-1.000011683,-0.001006409,-1.000006437,-1.146666169,-1.75667417,1.343332767,2.996007919,0.997993588,2.996024609,2.995995045,-1.000011683,-1.000011683,-1.590671301,-1.000011683
TU-ehj-105,1,0,1,1,NA,1,NA,1,1,NA,1,1,0,1,1,1,0,1,0,1,1,1,1,1,1,1,1,0,0,0,0,1,0,0,1,1,1,0,0,0,2.394333839,4.994042873,0.149662822,9.102046967,NA,1.639334559,NA,0.521668553,0.334999293,NA,0.594331741,1.214658737,-1.000006437,3.211000919,0.201663703,0.517668605,-1.000011683,0.098995291,1.997046709,5.494366646,0.037660919,0.025660716,0.699000955,0.31633231,0.45633468,0.565664589,0.588998318,0.047660265,0.997993588,-1.154666185,-0.56467098,1.644667864,2.996020317,2.996002674,2.996037483,10.98804569,0.184991494,-1.000011683,-1.365334272,-1.000011683
TU-emc-74,1,0,1,0,1,1,0,1,1,1,1,1,0,0,0,0,0,0,0,1,1,1,1,1,1,1,0,0,0,0,1,0,0,0,1,0,0,0,0,0,2.621001482,5.993044376,0.428334206,5.993050575,0.568334937,1.369999886,0.742334247,0.729667425,0.342999429,0.148329467,0.37032795,1.221992254,-1.000006437,-0.400504708,-0.14533323,-0.082666673,-0.718006909,-1.000006437,0.998031914,5.120726585,0.34566614,0.089661799,0.571001649,0.391000241,0.262998074,0.429662287,-1.000011683,-0.001006409,-1.000006437,-1.167999387,1.499330282,-1.000006437,2.99600935,-1.000006437,2.996025085,6.992029667,-1.53533709,-1.000011683,-1.34666729,-1.000011683
TU-eog-170,1,1,1,1,1,1,1,1,1,1,1,1,1,1,1,1,1,1,1,1,1,1,1,1,1,1,1,0,1,1,1,1,1,1,1,1,0,1,1,1,2.841000319,9.397366524,0.823000252,9.394701004,0.785667121,1.892666698,2.579673767,0.859000087,0.771000504,0.729667425,0.679666519,1.777334213,0.493668646,3.565666437,0.596334815,0.719000816,0.393661678,0.739000678,3.558684349,5.588694572,0.412333935,0.45633468,0.651001215,0.605668068,0.640334606,0.833000541,0.61433208,0.998053968,3.14532423,1.619998932,1.756667733,1.742000699,4.994030952,4.994049072,2.996052265,10.98805237,-1.119999647,0.165657833,0.683666587,0.33432734
TU-eyd-165,1,0,1,0,1,1,0,0,1,1,1,0,0,1,1,1,0,1,1,NA,1,1,1,1,1,1,1,0,0,0,1,1,0,1,1,0,0,0,0,0,2.142329454,1.997037649,0.71766746,3.995034218,0.184330076,1.711334229,0.61766547,-1.000006437,0.178996652,0.080328308,0.498996794,-1.000011683,-1.000006437,1.600343823,0.206997126,0.276331633,-1.000011683,0.298998684,3.145366669,NA,0.168329805,0.176329941,0.106995426,0.420334071,0.092328511,0.265659511,0.592998385,0.998054326,0.997993588,-1.126666307,1.565998077,1.383333445,0.997991562,4.99402523,2.996050119,6.992033005,-1.562670946,-1.000011683,-1.742007256,-1.000011683
TU-fti-101,1,0,1,0,1,1,1,1,1,1,1,1,0,1,1,1,0,1,1,1,1,1,1,1,1,1,1,0,0,1,1,1,0,0,1,0,0,0,0,0,2.562335014,4.994046688,0.611001372,7.991054535,0.507001996,1.806000352,2.518342972,0.715000868,0.296331972,0.37499997,0.268992901,1.187325001,-1.000006437,3.164327145,0.276331633,0.487001866,-0.832008839,0.383000106,3.058024883,5.400705814,0.455001324,0.340332717,0.431000918,0.145662755,0.408333868,0.668999672,0.609665334,0.998056233,0.997993588,1.641332626,1.708000422,1.19266355,3.278684139,1.371331334,3.350675821,3.670669079,-0.418001831,-0.549337387,-0.291999698,-1.000011683
TU-fym-352,1,0,1,0,0,0,1,1,0,0,1,0,0,1,0,0,0,0,1,0,0,1,1,0,0,0,0,0,0,0,0,0,0,0,0,0,0,0,0,0,2.523668528,1.997040272,0.465668172,2.211029768,-1.000006437,0.437667698,2.491001606,0.753667295,-1.000006437,-1.000006437,0.021655392,-1.000011683,-1.174666405,1.33101213,-1.470664859,-1.098666668,-1.000011683,-1.000006437,3.234695435,1.997049093,-1.000006437,0.254997939,0.393666953,-1.000006437,-1.14533329,-1.027999997,-1.000011683,-1.000011683,-1.000006437,-1.071333289,-1.071999907,-1.000006437,-1.000006437,-1.000006437,-1.000006437,4.994015217,-1.147332788,-1.000011683,-1.059999943,-1.000011683
TU-gjr-90,1,1,1,0,1,1,0,1,1,1,1,1,0,1,0,1,1,NA,1,NA,1,1,1,1,1,1,0,1,1,0,1,1,0,0,1,1,0,0,0,1,2.767667294,9.285374641,0.828333557,-0.111333475,0.688334346,1.847333431,0.765000939,0.727000773,0.604334772,0.695000947,0.745667636,1.686666727,-1.124000072,3.70299983,-1.154666543,0.707000852,0.374328017,NA,3.493353128,NA,0.413667291,0.134995908,0.671001077,0.409667224,0.289665192,0.763667583,-1.000011683,2.68033886,3.059993267,-1.0746665,1.694000244,1.707334161,2.996025801,2.996025562,2.996047735,10.98805809,-1.109999657,-1.000011683,-1.550670624,0.307660222
TU-gne-140,NA,NA,NA,NA,1,1,1,1,1,1,1,1,1,1,1,1,1,1,1,1,1,1,1,1,0,1,1,1,0,0,1,0,1,1,1,1,0,0,NA,0,NA,NA,NA,NA,0.535001814,1.406000495,2.514342546,0.292331904,0.261664718,0.521668553,0.68900001,1.650666118,0.266998142,3.524333477,0.557668328,0.679001033,0.59166503,0.150996178,3.504019737,5.588027477,0.46300146,0.005660377,0.759000599,0.43366763,-1.417331815,0.716333807,0.600998521,2.706341743,-1.000006437,-1.111333013,1.610665441,-1.000006437,5.022012711,5.43001318,3.365342379,11.12403774,-1.569337606,-1.000011683,NA,-1.000011683
TU-gsz-31,1,1,1,0,0,1,1,1,1,1,1,1,0,0,1,1,0,0,1,1,1,1,1,1,1,1,1,0,0,0,0,1,0,1,1,1,0,0,0,0,2.58766818,9.080717087,0.210997194,6.992049217,-1.000006437,1.71800077,2.409674168,0.82700026,0.43366763,0.424334139,0.52633059,1.111990333,-1.182666421,-0.043165334,0.122995697,0.581668258,-1.000011683,-1.000006437,3.300692081,5.538695335,0.097661935,0.104328714,0.18299672,0.389666885,0.262998074,0.298326731,0.610332012,0.998054802,0.997993588,-1.139332891,-1.668672681,1.30999887,2.996006966,4.994038582,2.996043205,10.98806,-1.596004725,-1.000011683,-1.163332701,-1.000011683
TU-gwg-80,1,0,1,0,1,1,1,1,1,1,1,0,0,0,0,0,0,1,0,1,1,1,1,1,1,1,0,0,0,0,1,1,0,1,1,0,0,0,0,0,2.61833477,4.994045258,0.527001858,1.997024059,0.439001054,1.507335305,2.291677952,0.640334606,0.172329873,0.571001649,0.50366354,-1.000011683,-1.000006437,-1.000006437,-1.000006437,-1.000006437,-1.000011683,0.475001663,1.997037649,5.156721115,0.109662138,0.044327699,0.779000521,0.113662206,0.140329331,0.518330455,-1.000011683,-1.000011683,0.997993588,-1.879342914,1.365327954,1.22199738,2.995995522,4.994017124,2.995998383,6.99204731,-1.000011683,-0.895343244,-1.000011683,-1.000011683
TU-gxm-93,0,0,0,0,0,0,0,0,0,0,0,0,0,0,0,0,0,0,0,0,0,0,0,0,0,0,0,0,0,0,0,0,0,0,0,0,0,0,0,0,-1.000006437,2.996021986,-1.000006437,-1.000011683,-1.000006437,-1.000006437,-1.000011683,-1.000006437,-1.000006437,-1.000006437,-1.000011683,-1.000011683,-1.000006437,-1.000006437,-1.478664756,-1.151999831,-1.000011683,-1.000006437,-1.000011683,-0.999969602,-1.000006437,-1.000006437,-1.000006437,-1.000006437,-1.000006437,-1.053999901,-1.000011683,-1.000011683,-1.000006437,-1.000011683,-1.000011683,-1.000006437,2.996012688,-1.000006437,-1.000006437,0.997989774,-1.000011683,-1.000011683,-1.466002584,-1.000011683
TU-hfo-126,1,1,1,0,1,1,1,1,1,1,1,1,1,1,0,1,1,1,1,1,1,1,1,1,1,1,1,0,0,1,1,1,1,1,1,1,1,0,1,0,2.770334005,9.00472641,0.673667729,5.396695137,0.675001025,1.851333499,2.426340818,0.643001199,0.633667946,0.504335284,0.652332723,1.604665279,0.377666682,3.205666065,-1.189333081,0.71100086,0.232992306,0.641667902,3.431352615,5.443703175,0.648334503,0.357666343,0.683001041,0.555001736,0.549668431,0.69900018,0.58499825,0.998058379,0.99799335,1.559331179,1.561331272,1.524668574,4.994040966,4.994038582,2.996044874,10.98804092,0.638999164,-1.000011683,0.656999469,-1.000011683
TU-hmi-134,1,0,1,0,1,1,0,1,1,1,1,0,0,1,0,1,0,0,0,1,0,1,1,1,1,1,1,0,0,0,1,1,0,0,1,0,0,0,0,0,2.76900053,6.992057323,0.729667425,3.995025158,0.68700099,1.688667655,0.785667479,0.729667425,0.373666614,0.400333732,0.58166486,-1.000011683,-1.000006437,3.285667181,-1.245332718,0.328332514,-1.000011683,-1.000006437,1.997024298,5.26836586,-1.000006437,0.04699441,0.230997533,0.221664041,0.357666343,0.502330184,0.388328254,0.998051465,-1.000006437,-1.115999699,1.566664696,1.682000995,2.996046066,2.996000528,2.996014118,8.99004364,-1.000011683,-0.786674738,-1.992678165,-1.000011683
TU-hpi-124,1,1,1,1,1,1,0,1,1,1,1,1,1,1,0,1,1,1,1,1,1,1,1,1,1,1,1,0,1,0,1,1,1,1,1,1,1,1,1,1,2.79300046,9.338702202,0.77233386,9.375360489,0.50566864,1.82733357,0.780334175,0.835000157,0.460334748,0.516335249,0.711000383,1.549331069,0.312332243,3.673666477,-1.215999484,0.640334606,0.106323496,0.605668068,3.495350361,5.605358601,0.46300146,0.429667562,0.759000599,0.528335214,0.55366838,0.704333603,0.565664589,-0.001006409,3.058658123,-1.312666655,1.679999948,1.474001646,4.994029999,4.994049072,2.996043444,10.98805332,0.540330827,0.144324139,0.664332926,0.010988545
TU-hrs-161,1,0,0,0,0,0,0,0,0,0,0,0,0,0,0,0,0,0,0,0,0,0,0,0,0,0,0,0,0,NA,NA,NA,NA,NA,NA,NA,NA,NA,NA,NA,2.063661575,0.998019516,-1.000006437,-1.000011683,-1.000006437,-1.000006437,-1.000011683,-1.000006437,-1.000006437,-1.000006437,-1.000011683,-1.000011683,-1.000006437,-1.000006437,-1.000006437,-1.000006437,-1.000011683,-1.000006437,-1.000011683,-0.999969602,-1.000006437,-1.000006437,-1.000006437,-1.000006437,-1.000006437,-1.000011683,-1.000011683,-1.000011683,-1.000006437,NA,NA,NA,NA,NA,NA,NA,NA,NA,NA,NA
TU-hsh-138,1,0,1,0,1,1,0,1,1,1,1,0,0,1,1,1,NA,NA,NA,NA,NA,NA,NA,NA,NA,NA,NA,NA,NA,NA,NA,NA,NA,NA,NA,NA,NA,NA,NA,NA,2.537001848,6.9920578,0.800333738,5.065386772,0.599001467,1.84066689,0.748334348,0.728334069,0.362999767,0.313665599,0.546997607,-1.000011683,-1.315999031,3.478999853,0.366999835,0.276331633,NA,NA,NA,NA,NA,NA,NA,NA,NA,NA,NA,NA,NA,NA,NA,NA,NA,NA,NA,NA,NA,NA,NA,NA
TU-iie-139,1,0,1,0,1,1,0,1,1,0,1,1,0,0,1,0,NA,NA,NA,NA,NA,NA,NA,NA,NA,NA,NA,NA,NA,NA,NA,NA,NA,NA,NA,NA,NA,NA,NA,NA,2.60500145,6.992055893,0.531001806,2.33902669,0.421667427,1.867333293,1.565998077,0.808333635,0.448334545,-1.000006437,0.652999401,1.297326803,-1.183999658,-1.243632436,0.585668206,-1.253332734,NA,NA,NA,NA,NA,NA,NA,NA,NA,NA,NA,NA,NA,NA,NA,NA,NA,NA,NA,NA,NA,NA,NA,NA
TU-ikh-109,1,0,1,0,1,0,0,1,1,1,1,0,0,0,0,1,0,0,0,1,0,0,1,1,0,1,0,0,0,0,1,0,0,0,1,0,0,0,0,0,2.68366766,3.995051384,0.208330482,5.134034157,0.020327292,0.620334685,0.436995745,0.593668163,0.432334274,0.314998955,0.188991562,-1.000011683,-1.897338033,-5.426625252,-1.000006437,0.121662341,-1.000011683,-1.000006437,1.997034311,5.15905571,-1.000006437,-1.000006437,0.393666953,0.269664854,-1.190666318,0.316993713,-1.000011683,-0.001006409,0.997993588,-1.54200387,1.465996265,-1.000006437,-1.000006437,0.997993588,3.258671284,6.992037773,-1.289332867,-0.468002677,-1.18733263,-1.000011683
TU-iku-278,1,0,1,0,1,1,0,1,1,0,0,0,0,1,1,0,0,0,0,0,0,0,0,0,0,0,0,0,0,0,1,1,0,0,0,0,0,0,0,0,2.114328861,2.996039867,0.230997533,-0.00100927,0.106995426,1.215330601,0.549664319,0.277664989,0.080328308,-1.000006437,-0.079999909,-0.001333333,-1.30266571,1.017681718,0.253664583,-1.000006437,-1.000011683,-1.000006437,0.99800545,2.996068239,-1.000006437,-1.000006437,-1.000006437,-0.159999818,-1.281332493,-1.105999708,-1.000011683,-0.001006409,-1.000006437,-1.150666118,1.331994057,1.295331955,2.996001244,-1.000006437,-1.000006437,-1.000006437,-1.205999136,-1.000011683,-1.159999371,-1.000011683
TU-iqf-272,1,1,1,0,1,1,1,1,1,1,1,1,0,1,1,1,1,1,1,1,1,1,1,1,1,1,1,0,0,1,1,1,1,1,1,0,1,0,1,0,2.866333485,9.091382027,0.816333652,6.992046356,0.628334641,1.852666736,2.533008575,0.757667303,0.728334069,0.564334989,0.518997133,1.325327277,-1.126666665,3.706999779,0.431000918,0.708334208,0.107656851,0.555001736,3.450021267,5.424039364,0.607001424,0.441667765,0.811000347,0.525668502,0.541668415,0.698333502,0.593665063,0.998052657,0.997990727,1.482663274,1.716667175,1.732667446,4.99403286,4.99403286,2.996041298,8.990052223,0.149657562,-1.000011683,0.442995846,-1.000011683
TU-iwe-164,0,0,0,0,NA,NA,0,0,0,0,0,NA,0,0,0,0,0,0,0,0,NA,0,0,0,0,0,1,NA,0,0,0,0,0,0,0,0,0,NA,0,0,-1.000006437,-1.000011683,-1.000006437,-1.169666052,NA,NA,-1.000011683,-1.000006437,-0.161333144,-0.002666667,-0.001333333,NA,-1.700001359,-1.000006437,-1.000006437,-1.209332943,-1.000011683,-1.000006437,-1.000011683,-0.999969602,NA,-0.002666667,-0.002666667,-0.002666667,-1.093333364,-1.237998962,0.49699676,NA,-1.000006437,-1.000011683,-1.000011683,-1.000006437,-1.000006437,-1.000006437,-1.000006437,-1.000006437,-0.058000006,NA,-0.001333333,-0.001333333
TU-ixu-72,1,0,1,0,0,0,0,1,0,0,0,0,0,0,0,0,0,NA,0,0,0,NA,NA,0,0,1,0,0,0,0,0,0,0,0,0,0,0,0,0,0,2.288998604,0.998048604,0.088328443,2.996030569,-1.000006437,0.244331092,0.468996286,0.064328037,-1.000006437,-1.000006437,-0.672672808,-0.001333333,-0.447998255,-0.002666667,-0.002666667,-0.002666667,-0.17866604,NA,-0.001333333,-0.000666667,-0.175999731,NA,NA,-0.002666667,-1.215999484,0.116990343,-1.000011683,-0.00100778,-1.000006437,-1.554670811,-1.000011683,-1.000006437,2.996002674,-1.000006437,0.997993588,0.997993588,-1.628672004,-1.000011683,-1.311333299,-1.000011683
TU-jcd-86,1,0,1,1,1,1,0,1,1,1,1,1,1,1,1,1,1,1,1,1,1,1,1,1,0,1,1,0,1,1,1,1,0,1,1,1,0,0,0,0,2.299665451,6.992050171,0.733667374,9.505356789,0.801667035,1.714000821,0.817667305,0.875,0.480335087,0.565668344,0.753667653,1.750001073,0.348332852,3.483000755,0.589668155,0.671001077,0.658332825,0.609668076,3.530019522,5.652356148,0.495002002,0.465668172,0.543001771,0.600334764,-1.061333418,0.849000454,0.604331911,0.998054802,3.023994207,1.692666769,1.647332668,1.547335029,2.996014118,4.994033337,2.9960289,10.98806,-1.338667154,-1.000011683,-1.5453372,-1.000011683
TU-jkt-157,1,1,1,1,1,1,1,1,1,1,1,1,1,0,1,1,1,0,1,1,1,1,1,1,1,1,1,1,1,0,0,0,0,0,1,1,0,0,0,0,2.857000113,9.349370003,0.695000947,9.467362404,0.600334764,1.75533402,2.621000528,0.877666652,0.695000947,0.656334519,0.762334287,1.717333913,0.436334342,0.283500493,0.452334613,0.669667721,0.176991358,-0.491998017,3.535348892,5.643023491,0.129662484,0.445667833,0.68700099,0.628334641,0.688334346,0.804334044,0.612998724,2.773670673,3.181328773,-1.354000688,-0.524003625,-0.351998776,3.516010284,1.65133214,3.384021282,11.07471943,-1.308666587,-0.195332617,-1.192665935,-1.000011683
TU-jnq-153,0,0,1,0,1,0,0,1,0,0,0,0,0,NA,NA,NA,0,0,0,0,1,1,1,1,0,1,1,0,0,0,NA,0,0,0,0,0,0,0,0,0,-1.000006437,7.991060257,0.764333904,-0.134001359,0.423000783,0.46300146,0.642999232,0.68700099,-0.705334783,-0.002666667,-0.001333333,-0.001333333,-0.139999926,NA,NA,NA,-0.19599928,-0.002666667,-0.001333333,-0.000666667,0.320332378,0.064328037,0.425667495,0.30033204,-1.103999972,0.170324579,0.61433208,0.196992874,0.997993588,-0.741340637,NA,-0.002666667,3.248024464,-0.002666667,-0.002666667,-0.002666667,-0.481336236,-0.001333333,-0.203332573,-0.001333333
TU-jrb-187,1,1,1,1,1,1,1,1,1,1,1,1,1,1,0,1,1,1,1,1,1,1,1,1,0,0,1,1,1,1,1,1,1,1,1,1,1,1,1,1,2.691667795,9.246042252,0.68033433,9.414700508,0.739000678,1.868666649,2.637002707,0.877666652,0.761667252,0.729667425,0.664332926,1.605332017,0.416334003,3.706999779,-1.163999796,0.751000643,0.376994729,0.563001633,3.566016197,5.65402317,0.651001215,0.443001121,0.725667477,0.651001215,-1.024000049,-1.029333234,0.611665368,2.717674494,3.05332613,1.724000692,1.750001073,1.78600049,4.994045734,4.994042397,2.996048927,10.98804855,0.602331877,0.118323699,0.732334077,0.384994864
TU-jrt-136,1,0,1,0,1,1,0,1,0,0,1,NA,NA,NA,NA,NA,NA,NA,NA,NA,NA,NA,NA,NA,NA,NA,NA,NA,NA,NA,NA,NA,NA,NA,NA,NA,NA,NA,NA,NA,2.774333954,6.992042065,0.515001893,1.619349957,0.581668258,1.842000127,0.755667627,0.832333565,-1.000006437,-1.000006437,0.488996625,NA,NA,NA,NA,NA,NA,NA,NA,NA,NA,NA,NA,NA,NA,NA,NA,NA,NA,NA,NA,NA,NA,NA,NA,NA,NA,NA,NA,NA
TU-jue-47,1,0,1,0,0,1,1,1,1,0,1,0,0,1,1,1,0,0,1,1,0,0,1,1,0,0,0,0,0,1,0,0,0,0,1,0,0,0,0,0,2.418334007,3.995051384,0.289665192,5.993051529,-0.549332142,1.564668298,2.363001823,0.507001996,0.66300112,-0.426665038,0.512997031,-1.000011683,-1.175999761,3.057666779,0.459001392,0.503001988,-1.000011683,-1.000006437,3.23602891,5.280046463,-1.000006437,-1.000006437,0.480335087,0.065661393,-1.082666755,-1.245332241,-0.77934128,1.468683004,0.997993588,1.375328064,-1.178665996,-0.921338439,2.996035576,0.997993588,3.178675652,4.994031429,-1.416668415,-0.31066668,-1.000011683,-1.000011683
TU-kby-106,0,NA,NA,NA,NA,NA,NA,NA,NA,NA,NA,NA,NA,NA,NA,NA,NA,NA,NA,NA,NA,NA,NA,NA,NA,NA,NA,NA,NA,NA,NA,NA,NA,NA,NA,NA,NA,NA,NA,NA,-1.000006437,NA,NA,NA,NA,NA,NA,NA,NA,NA,NA,NA,NA,NA,NA,NA,NA,NA,NA,NA,NA,NA,NA,NA,NA,NA,NA,NA,NA,NA,NA,NA,NA,NA,NA,NA,NA,NA,NA,NA
TU-khj-19,1,0,1,0,1,1,1,0,1,1,1,1,0,0,1,1,0,0,1,1,1,0,1,1,0,1,1,0,0,0,0,1,0,0,1,0,0,0,0,0,2.686334372,2.996036291,0.435000986,5.993058681,0.089661799,1.012660503,2.468340158,-1.000006437,0.000326954,0.280331701,0.370994627,1.212658644,-1.000006437,-0.257835627,0.156329602,0.366999835,-1.000011683,-0.864004135,3.148692608,5.361040592,0.102995358,-1.000006437,0.260331362,0.08299502,-1.000006437,0.295660019,0.57833147,-0.464002609,-1.000006437,-1.38266778,-1.078666568,1.08199501,2.996024609,2.995996475,2.996022224,8.990047455,-1.997344971,-0.321333528,-1.452669024,-0.850675821
TU-kwt-4,1,0,1,1,1,1,1,1,1,1,1,1,1,1,1,1,0,1,1,1,1,1,1,1,1,0,0,1,0,1,0,1,0,1,1,1,0,0,0,0,2.853000164,7.99105072,0.5123353,9.07804966,0.607001424,1.662001133,2.527678967,0.453667969,0.154996246,0.507001996,0.635665774,1.159324408,0.054994546,3.216333628,0.407000512,0.326999158,-1.000011683,0.420334071,3.277355194,5.438369751,0.455001324,0.31633231,0.764333904,0.561668336,0.129662484,-1.083333135,-1.000011683,2.739672422,0.997993588,1.44799602,-1.508003235,1.520668626,2.99605751,4.994022846,2.996042252,10.98803711,-1.391334653,-1.000011683,-1.000011683,-1.000011683
TU-kxd-14,NA,NA,NA,NA,NA,NA,NA,NA,NA,NA,NA,NA,NA,NA,NA,NA,NA,NA,NA,NA,NA,NA,NA,NA,NA,NA,NA,NA,NA,NA,NA,NA,NA,NA,NA,NA,NA,NA,NA,NA,NA,NA,NA,NA,NA,NA,NA,NA,NA,NA,NA,NA,NA,NA,NA,NA,NA,NA,NA,NA,NA,NA,NA,NA,NA,NA,NA,NA,NA,NA,NA,NA,NA,NA,NA,NA,NA,NA,NA,NA
TU-ldq-166,1,0,1,0,1,1,0,1,1,1,1,1,NA,1,1,NA,0,0,1,1,1,0,1,1,1,1,1,0,0,0,0,1,0,0,1,0,0,0,0,0,2.463668346,5.993049622,0.20566377,3.995047569,0.109662138,1.639334559,0.745667636,0.42700085,0.329665869,0.356332988,0.485663235,1.533997536,NA,2.821674347,0.08299502,NA,-1.000011683,-1.000006437,3.29402256,5.195722103,0.248331159,-1.000006437,0.50566864,0.094995223,0.361666411,0.714333773,0.594998419,0.998020947,-1.000006437,-1.506669998,-1.149999499,1.292665243,2.996028423,2.996018887,2.99600935,6.992034912,-1.000011683,-1.000011683,-1.097999811,-1.000011683
TU-lfk-99,1,0,1,0,1,1,1,1,1,1,1,1,0,1,1,1,0,1,1,1,1,0,1,1,1,1,1,0,0,0,1,0,0,0,1,0,0,0,0,0,2.629001379,6.992049217,0.567001641,7.991052628,0.298998684,1.819333673,2.415007591,0.673667729,0.555001736,0.436334342,0.6076653,1.579998255,-1.000006437,3.26032877,0.372333258,0.489668578,-1.000011683,0.491001934,3.205358982,5.474367619,0.27099821,-1.000006437,0.684334338,0.225664109,0.313665599,0.621665537,0.616332114,-1.000011683,-1.000006437,-1.324666858,1.665333033,-1.000006437,3.473343849,1.559331179,3.120016098,8.990041733,-0.237332389,-0.306666613,-1.396668077,-1.000011683
TU-lry-52,1,0,1,0,1,1,0,1,0,1,1,0,0,0,0,1,0,0,0,1,0,0,0,0,0,1,0,1,0,0,0,1,0,0,1,0,0,0,0,0,2.088995218,5.993042469,0.641667902,4.994055271,0.025660716,1.754000664,0.773000896,0.419000715,-1.000006437,0.49233529,0.120323732,-1.000011683,-1.916005015,-1.000006437,-1.000006437,0.218997329,-1.000011683,-1.000006437,1.997049809,5.112058163,-1.000006437,-1.000006437,-1.000006437,-1.000006437,-0.001006402,0.676999807,-1.000011683,2.663002968,0.997993588,-1.094666481,-1.452002287,1.428667545,2.996024132,0.997990251,2.996032715,2.995998621,-1.390001297,-1.000011683,-1.553337336,-1.000011683
TU-ltw-173,0,0,0,0,0,0,NA,NA,NA,NA,NA,NA,NA,NA,NA,NA,NA,NA,NA,NA,NA,NA,NA,NA,NA,NA,NA,NA,NA,NA,NA,NA,NA,NA,NA,NA,NA,NA,NA,NA,-1.000006437,-1.000011683,-1.000006437,-1.000011683,-1.000006437,-1.000006437,NA,NA,NA,NA,NA,NA,NA,NA,NA,NA,NA,NA,NA,NA,NA,NA,NA,NA,NA,NA,NA,NA,NA,NA,NA,NA,NA,NA,NA,NA,NA,NA,NA,NA
TU-mkr-125,1,1,1,0,1,1,0,1,1,1,1,1,1,1,0,1,1,1,1,1,1,1,1,1,1,1,1,1,1,1,1,1,1,1,1,0,1,0,0,1,2.673001051,9.078053474,0.785667121,1.788003206,0.747000694,1.838000178,0.783667505,0.73500073,0.712334156,0.392333597,0.660999537,1.097990036,0.477668375,3.553666592,-1.179999709,0.572334945,0.646332622,0.541668415,3.545351028,5.617691517,0.567001641,0.444334477,0.681667686,0.567001641,0.569668293,0.69566679,0.585664928,2.715005636,3.126660347,1.63999927,1.788000822,1.538001776,4.994034767,4.994035721,2.996045113,6.992033958,0.620332181,-1.000011683,-1.144666195,0.446329236
TU-mmq-279,1,0,1,0,1,1,0,1,0,1,1,0,0,0,0,0,0,0,0,0,1,0,0,0,0,0,0,0,0,0,0,0,0,0,NA,NA,0,0,0,0,2.551668406,2.996038198,0.564334989,1.997040272,0.086995088,1.611334682,0.741667569,0.481668442,-1.000006437,0.194996923,0.196991697,-1.000011683,-1.210666299,-0.748972535,-1.266665936,-1.098666668,-1.000011683,-1.000006437,0.998005211,1.99706316,0.032327496,-1.000006437,-1.000006437,-0.249332666,-1.179999709,-1.04399991,-1.000011683,-0.001007601,-0.267999232,-0.001333333,-0.001333333,-0.002666667,-0.243999362,-0.002666667,NA,NA,-1.179332614,-1.000011683,-1.533337116,-1.000011683
TU-mqh-45,0,0,1,0,1,NA,0,1,1,0,0,0,0,0,0,1,0,1,0,0,1,0,0,0,1,1,1,0,0,0,1,0,0,0,1,0,0,0,0,0,-1.000006437,-0.001006409,0.368333191,3.995031834,0.269664854,NA,0.590331674,0.56033504,0.488335222,-1.000006437,-1.000011683,-1.000011683,-1.158666492,-1.000006437,-1.237332702,0.280331701,-1.000011683,0.02432736,0.998017371,3.995064259,0.128329128,-1.000006437,-1.000006437,-1.000006437,0.065661393,0.146324173,0.568997979,-0.001006409,-1.000006437,-1.128666282,1.33399415,-1.000006437,2.996016026,0.997993112,2.995997429,0.997993588,-1.565337658,-1.000011683,-1.728007078,-1.000011683
TU-nfi-275,0,0,0,0,0,0,1,0,0,0,0,0,0,0,0,0,0,0,0,0,0,0,1,0,1,1,1,0,0,0,0,0,0,0,0,0,0,0,0,0,-1.000006437,1.997022152,-1.000006437,-0.214001343,-1.000006437,-1.000006437,2.200341702,-1.000006437,-1.000006437,-1.000006437,-0.502003253,-0.001333333,-1.322665572,-1.31296742,-1.000006437,-1.000006437,-1.000011683,-1.000006437,-0.001006409,0.998003244,-1.000006437,-1.000006437,0.328332514,-1.000006437,0.29366526,0.320327103,0.623665571,-1.000011683,-1.000006437,-1.551337361,-1.251998901,-1.000006437,2.99601078,0.997993588,0.997993588,5.120687962,-1.53533709,-1.000011683,-1.179332614,-0.107333094
TU-nkf-77,1,1,1,0,1,1,1,1,1,1,1,1,1,1,1,1,0,1,1,1,1,1,1,1,1,1,1,1,0,1,1,NA,0,1,1,1,0,1,0,0,2.598334789,9.114049911,0.720334172,-0.102667913,0.583001554,1.695334315,2.560338497,0.68700099,0.464334816,0.652334511,0.762334287,1.611332178,0.228330821,3.638999939,0.571001649,0.697667599,-1.000011683,0.230997533,3.504021883,5.457703114,0.491001934,0.294998616,0.713667512,0.588334858,0.645667911,0.619665504,0.612332046,2.633014441,0.997993588,1.649332762,1.642665982,NA,2.996041298,4.994030952,2.996037483,10.98804951,-1.113332987,0.145657495,-1.077333212,-1.000011683
TU-nle-137,1,0,1,0,1,1,0,1,1,0,NA,NA,NA,NA,NA,NA,NA,NA,NA,NA,NA,NA,NA,NA,NA,NA,NA,NA,NA,NA,NA,NA,NA,NA,NA,NA,NA,NA,NA,NA,2.541001797,2.996020555,0.537668467,4.153049469,0.403000444,1.722000837,0.674999774,0.649667859,0.129662484,-1.000006437,NA,NA,NA,NA,NA,NA,NA,NA,NA,NA,NA,NA,NA,NA,NA,NA,NA,NA,NA,NA,NA,NA,NA,NA,NA,NA,NA,NA,NA,NA
TU-nrs-175,1,0,1,0,1,0,1,1,0,1,1,1,0,1,1,0,0,1,0,0,0,0,0,0,0,1,1,0,0,0,1,1,0,0,1,0,0,0,0,0,2.303665638,6.992046356,0.68033433,4.121721268,0.190996855,0.704334259,2.629669905,0.8203336,-1.000006437,0.377666682,0.416995406,1.409995317,-1.725335121,3.157666683,0.479001731,-1.000006437,-1.000011683,0.057661258,1.997051239,2.99606204,-1.000006437,-1.000006437,-1.000006437,-1.000006437,-1.936005354,0.430995643,0.548330963,0.998037517,0.997993588,-1.34666729,1.520663977,1.498002052,2.99601531,2.995991707,2.996019125,6.992032528,-1.846675634,-1.000011683,-1.352667332,-1.000011683
TU-ntn-174,1,0,1,0,1,1,1,1,0,1,1,1,0,1,0,0,0,0,1,1,1,0,1,0,1,1,1,0,0,1,NA,1,NA,0,1,0,0,0,0,0,2.679667711,4.994049072,0.1896635,4.994056702,0.491001934,1.357999682,2.382355213,0.169663161,-1.000006437,0.258998007,0.152324274,1.193325043,-1.000006437,2.82967782,-1.000006437,-1.325332284,-1.000011683,-1.000006437,3.282697201,5.376041412,0.34566614,-1.000006437,0.198996991,-1.000006437,0.292331904,0.446329236,0.61766547,-1.000011683,0.997993588,1.563997984,NA,1.552668452,NA,2.995997906,2.995999575,8.990046501,-1.462002516,-1.000011683,-1.858675957,-1.000011683
TU-nyy-155,1,1,1,1,1,1,1,1,1,1,1,1,1,1,1,1,1,1,1,1,1,1,1,1,1,1,1,1,0,1,1,1,1,1,1,1,0,0,0,1,2.69033432,9.058045387,0.777667165,9.325368881,0.643001199,1.767333865,2.327669621,0.785667121,0.589668155,0.616334677,0.638332486,1.119990468,0.281665057,3.578999996,0.29366526,0.48566851,0.613665402,0.435000986,3.473350763,5.568695068,0.596334815,0.421667427,0.684334338,0.487001866,0.43366763,0.723000586,0.59166503,2.17904067,0.997993588,1.661332965,1.688666821,1.542001843,4.994039059,4.994042873,2.996037006,10.98805237,-1.814675093,-1.000011683,-1.654672384,0.003655087
TU-ohz-277,1,0,1,0,0,1,0,1,0,0,0,0,0,0,0,0,0,0,0,0,0,0,1,0,0,0,0,0,0,0,0,0,0,0,0,0,0,0,0,0,2.545001745,2.996043921,0.495002002,3.995044231,-1.000006437,1.754000664,0.570998013,0.325665802,-1.000006437,-1.000006437,-0.324666917,-0.001333333,-1.1693331,-1.530299306,-1.965339184,-1.000006437,-1.000011683,-1.000006437,0.998012364,1.997004986,-1.000006437,-1.000006437,0.07632824,-1.000006437,-1.000006437,-1.109999657,-1.000011683,-1.000011683,0.997993588,-1.138666153,-1.082666516,-1.000006437,0.997991681,1.329995036,-0.002666667,-0.002666667,-1.458002448,-1.000011683,-1.709340096,-1.000011683
TU-oop-32,1,0,1,0,1,1,0,1,1,1,1,1,0,1,1,1,1,0,1,1,1,1,1,1,1,1,0,1,0,0,1,1,0,1,1,1,0,0,1,0,2.629001379,5.993040085,0.483001798,5.993050098,0.468334883,1.526001811,0.554331064,0.635001302,0.431000918,0.248331159,0.473663032,1.451996088,-1.000006437,3.341667652,0.194996923,0.488335222,0.028322171,-1.000006437,3.276020765,5.583693981,0.206997126,0.200330347,0.652334511,0.220330685,0.379000038,0.540330827,-1.000011683,2.666335106,0.997993588,-1.169332743,1.609332085,1.193996906,2.996046066,4.994012356,2.996025562,10.98805714,-1.000011683,-1.000011683,0.13099058,-1.000011683
TU-pbs-163,1,0,0,0,1,1,0,0,0,0,0,0,0,0,0,0,0,0,0,NA,0,0,0,0,0,0,NA,0,0,0,0,0,NA,NA,NA,0,0,0,0,0,2.613001347,-1.000011683,-1.000006437,-1.000011683,0.336332649,1.759333968,0.737667501,-1.000006437,-1.000006437,-0.470664799,-0.001333333,-0.001333333,-1.418665051,-2.023629665,-1.243999362,-1.053333402,-0.582671285,-0.002666667,-0.001333333,NA,-1.000006437,-0.656000614,-0.002666667,-0.002666667,-1.069333315,-1.131332874,NA,-0.001333333,-1.000006437,-1.125332952,-1.083333135,-1.000006437,NA,NA,NA,-0.002666667,-1.000011683,-1.000011683,-1.000011683,-1.000011683
TU-php-71,NA,NA,0,0,0,1,0,0,0,0,0,0,0,0,0,0,0,0,NA,0,0,0,0,0,0,0,0,0,0,1,1,0,0,0,0,0,0,0,0,0,NA,NA,-0.002666667,-0.001333333,-1.000006437,1.610001445,-0.368667662,-0.002666667,-1.000006437,-0.203999579,-0.001333333,-0.001333333,-1.21733284,-2.213336945,-1.718668342,-1.000006437,-1.000011683,-0.656000614,NA,-0.000666667,-1.000006437,-1.000006437,-0.285332471,-0.002666667,-1.000006437,-1.000011683,-1.000011683,-1.000011683,-1.000006437,1.187991619,1.160657883,-1.000006437,-1.000006437,0.997993588,-1.000006437,-1.000006437,-1.475336075,-0.915343583,-0.001333333,-0.001333333
TU-pqw-154,1,0,1,1,1,1,0,1,1,1,1,1,0,1,1,1,0,0,0,1,1,1,1,1,1,1,1,1,0,1,0,1,1,1,1,0,0,0,0,0,2.754333973,5.993059635,0.669667721,9.038041115,0.465668172,1.664667726,0.815000653,0.720334172,0.479001731,0.507001996,0.637665808,1.486663342,-1.000006437,3.404333591,0.557668328,0.532335162,-0.747340739,-0.002666667,-0.001333333,5.433036804,0.445667833,0.144329399,0.675001025,0.262998074,0.521668553,0.544330895,0.579664826,2.551016092,0.997993588,1.645332694,-1.207332492,1.614001393,4.994020939,4.994035244,2.99602747,8.990048409,-1.412668347,-0.274666071,-0.001333333,-1.000011683
TU-psg-270,1,1,1,1,1,1,0,1,1,1,1,1,1,1,0,0,1,1,1,1,0,1,1,1,1,1,1,0,1,1,1,1,0,0,0,0,0,0,0,0,2.775667191,9.028718948,0.811000347,9.020056725,0.661667824,1.878000021,0.763667583,0.847000122,0.708334208,0.172329873,0.721000552,1.596665144,0.366999835,3.672333241,-1.353332162,-1.245332718,0.31166029,0.671001077,3.500019073,5.555028915,-1.000006437,0.31633231,0.792333722,0.277664989,0.664334416,0.836333871,0.58166486,0.998053372,3.105326891,1.679999948,1.72800076,1.478001714,2.996003389,2.996026993,0.997991681,-1.000006437,-1.157999396,-1.000011683,-1.120666265,-1.000011683
TU-pzp-129,1,0,1,0,1,0,1,1,1,0,1,0,0,0,1,1,1,0,1,1,0,0,1,0,0,1,1,0,0,0,1,0,0,1,1,0,0,0,0,0,2.267664909,4.994040489,0.158996314,6.992048264,0.364333123,0.27099821,2.207669735,0.328332514,0.26433143,-1.000006437,0.444329202,-1.000011683,-1.26533258,-2.34665513,0.200330347,0.364333123,0.134990647,-1.000006437,3.122703314,5.081060886,-1.000006437,-1.000006437,0.229664177,-1.000006437,-1.684001088,0.647665977,0.570331335,0.998046935,0.997993588,-1.486002922,1.544664383,-1.000006437,2.995998859,4.994027615,2.996020317,6.992035389,-1.347333908,-0.50933671,-1.48333621,-1.000011683
TU-qom-53,1,0,1,0,1,1,1,1,1,1,1,0,0,1,1,1,0,1,1,1,1,0,1,1,0,1,0,0,0,0,1,1,0,0,1,0,0,0,0,0,2.322332382,4.994046211,0.500335336,2.03835845,0.476335019,1.800667048,2.44366312,0.245664448,0.088328443,0.370999902,0.494996727,-1.000011683,-1.000006437,3.433667183,0.145662755,0.285665125,-1.000011683,0.273664922,3.106025934,5.062397003,0.04699441,-1.000006437,0.657667816,0.07632824,-1.000006437,0.42566222,-0.872009516,-0.001006409,-1.000006437,-1.145332813,1.433329105,1.47933507,2.996020317,2.995995045,2.996011257,4.994053364,-1.848009109,-1.000011683,-1.253998995,-1.000011683
TU-qtq-353,0,0,0,0,0,0,0,0,0,0,0,0,0,0,0,0,0,0,0,0,0,0,1,0,0,0,0,0,0,0,0,1,0,0,0,0,0,0,0,0,-1.000006437,-0.001011378,-1.000006437,-0.001006409,-1.000006437,0.121662341,-1.000011683,-1.000006437,-1.000006437,-1.000006437,-1.000011683,-1.000011683,-1.610666513,-1.000006437,-1.969339252,-1.105333328,-1.000011683,-1.000006437,-1.000011683,3.995060921,-1.000006437,-1.000006437,0.326999158,-1.000006437,-1.161333203,-1.031999946,-1.000011683,-0.001006409,-1.000006437,-1.000011683,-1.000011683,1.155329585,2.996010065,-1.000006437,-1.000006437,-1.000006437,-1.307999849,-1.000011683,-1.740007162,-1.000011683
TU-rmc-102,0,0,1,0,1,1,0,1,1,1,1,1,0,1,0,1,0,1,1,1,1,0,1,1,1,1,1,0,0,0,0,0,0,0,1,1,0,0,0,0,-1.000006437,5.993049622,0.565668344,5.993047237,0.457668036,1.41400063,0.72833401,0.701667547,0.288331836,0.364333123,0.409661949,1.577998161,-1.2239995,2.925666571,-1.426665068,0.459001392,-1.000011683,0.437667698,3.239361763,5.327711105,0.124329053,-1.000006437,0.469668239,0.2349976,0.253664583,0.560997844,0.390328288,-0.001007243,-1.000006437,-1.113332987,-1.094666481,-1.000006437,2.996032715,0.997989297,2.996032,10.98804951,-1.203332543,-1.000011683,-1.141999483,-1.000011683
TU-sbr-94,0,0,NA,0,0,0,0,0,0,0,0,0,0,0,0,0,0,0,0,0,0,0,0,0,0,0,0,0,0,0,0,0,0,0,0,0,0,0,0,0,-1.000006437,-0.001006409,NA,-0.001010015,-1.000006437,-1.000006437,-1.000011683,-1.000006437,-1.000006437,-1.000006437,-1.000011683,-1.000011683,-1.734668612,-1.000006437,-1.000006437,-1.083999991,-1.000011683,-1.000006437,-1.000011683,1.997039557,-1.000006437,-1.000006437,-1.000006437,-1.000006437,-1.105333328,-1.077333212,-1.000011683,-0.001010209,-1.000006437,-1.000011683,-1.000011683,-1.000006437,-1.000006437,0.99799335,-1.000006437,0.997993588,-1.000011683,-1.000011683,-1.000011683,-1.000011683
TU-sdo-355,1,0,1,0,0,0,0,1,1,1,1,0,1,1,1,1,0,1,0,0,0,0,1,1,0,0,1,0,0,0,0,1,0,0,1,0,0,0,0,0,2.510335445,5.993057251,0.653667808,4.068374157,-1.000006437,-1.000006437,0.811000645,0.637667894,0.468334883,0.568334937,0.508996964,-1.000011683,0.022994004,1.471011281,0.318999022,0.360333055,-1.000011683,0.419000715,-0.001007541,-0.000988559,-1.000006437,-1.000006437,0.676334381,0.11232885,-1.1693331,-1.021999955,0.595665097,0.99805361,0.997993588,-1.069999933,-1.072666526,1.500668645,2.99603653,0.997993588,2.996011257,2.99600029,-1.29799974,-1.000011683,-1.216665745,-1.000011683
TU-sgg-171,1,1,1,0,1,1,0,1,1,1,1,1,0,1,1,1,1,1,1,1,1,1,1,1,0,1,1,0,1,1,1,1,1,1,1,1,0,0,0,1,2.507668734,9.283371925,0.809666991,4.595674515,0.611001372,1.866000056,0.797667444,0.872333288,0.68033433,0.673667729,0.771000922,1.437329173,-1.202666283,3.717666626,0.519001901,0.624334693,0.487663269,0.760333896,3.512686491,5.591359138,0.559001684,0.472334951,0.817666948,0.531001806,-1.106666684,0.714333773,0.614998758,-1.000011683,3.038659096,1.718667269,1.644665956,1.75533402,4.99403286,4.994027615,2.996049166,10.98805714,-1.213332415,-1.000011683,-1.06066668,0.157657698
TU-swx-158,1,1,1,1,1,1,1,1,1,1,1,1,1,1,1,1,1,1,1,1,1,1,1,1,1,1,1,1,1,1,1,1,0,1,1,1,0,1,1,1,2.850333452,9.430698395,0.824333549,9.481354713,0.785667121,1.806000352,2.623004198,0.853666782,0.744333982,0.752333999,0.759667635,1.78866756,0.509668589,3.717666626,0.659001112,0.752333999,0.494996727,0.701667547,3.567350864,5.644023418,0.657667816,0.557668328,0.79633373,0.692334294,0.757667303,0.783000827,0.612998724,2.74300766,3.171994686,1.711333752,1.712667227,1.752667308,3.458687782,5.167356491,3.43600893,11.10138512,-1.302666426,0.732334077,0.664999604,0.520997167
TU-syo-274,1,1,1,0,1,0,0,1,1,1,1,1,0,0,0,1,0,0,1,1,1,0,0,1,0,1,0,0,0,1,0,0,0,0,0,0,0,0,0,0,2.783667088,9.01006031,0.564334989,-0.153333411,0.551001728,0.413667291,0.809000671,0.671001077,0.495002002,0.647001207,0.762334287,1.732667446,-1.194666266,0.196834296,-1.226666093,0.73500073,-1.000011683,-1.000006437,3.395354509,5.563694477,0.197663635,-1.000006437,-1.000006437,0.43366763,-1.250666022,0.673666418,-1.000011683,-0.001007959,0.997993588,1.379328251,-1.384001255,-1.000006437,2.996046782,0.997993588,0.997986913,-1.000006437,-1.169332743,-1.000011683,-1.1293329,-1.000011683
TU-tfe-271,1,1,1,0,1,1,0,1,1,0,1,1,0,1,1,1,1,1,1,1,1,1,1,1,0,1,1,1,0,1,1,1,1,1,0,1,0,0,0,1,2.669001102,9.118044853,0.613668084,-1.083666563,0.673667729,1.828666925,0.738334179,0.532335162,0.551001728,-1.000006437,0.53633076,1.724667311,-1.183999658,3.234999657,0.564334989,0.623001337,0.526997268,0.535001814,3.420691252,5.452364445,0.472334951,0.338999361,0.79633373,0.571001649,-1.05733335,0.752334297,0.604998589,2.690341473,0.997993588,1.698000193,1.559997916,1.666001081,4.994040489,4.994019985,-1.000006437,10.98805332,-1.000011683,-1.000011683,-1.784008026,0.158991054
TU-tfm-121,1,1,1,0,1,1,0,1,1,1,1,1,1,1,0,1,1,1,1,1,1,1,1,1,1,1,1,0,0,0,0,1,1,1,1,1,0,0,1,1,2.60500145,9.086050987,0.732334077,7.991054535,0.744333982,1.876666665,0.782334149,0.797667027,0.500335336,0.301665395,0.554997742,1.649332762,0.358999699,3.521666527,-1.190666318,0.684334338,0.41899544,0.685667634,3.344027042,5.487700462,0.568334937,0.481668442,0.573668242,0.370999902,0.503001988,0.698333502,0.615665436,0.998048127,0.997993588,-1.141999483,-1.071999907,1.620668054,4.994044781,4.99403429,2.996019363,10.98805523,-1.125332952,-1.000011683,0.430328965,0.266992867
TU-tkw-119,1,0,1,1,1,1,1,1,1,1,1,1,0,0,1,1,0,1,1,1,1,1,1,1,0,0,1,0,0,0,1,1,1,1,1,0,0,0,0,1,2.782333851,7.991052628,0.776333809,9.014720917,0.752333999,1.854000092,2.597004175,0.673667729,0.68033433,0.673667729,0.66966635,1.712667227,-1.279999137,-0.024498351,0.370999902,0.708334208,-1.000011683,0.709667563,3.382022619,5.590692997,0.565668344,0.342999429,0.575001597,0.484335154,-1.363998771,-1.03399992,0.603665233,0.998055518,0.997993588,-1.220665812,1.637332559,1.658001184,4.994046688,4.994011402,2.996040583,8.990035057,-1.119999647,-1.000011683,-1.07799983,0.33766073
TU-tmb-96,1,0,1,0,1,1,0,1,1,1,1,0,0,0,1,1,0,1,1,1,1,1,1,1,1,1,0,0,0,1,1,0,0,0,1,0,0,0,0,0,2.614334822,6.992050171,0.623001337,6.992055893,0.573668242,1.548668385,0.745000958,0.399000376,0.544335127,0.531001806,0.419662118,-1.000011683,-1.470664859,-1.000006437,0.301665395,0.408333868,-1.000011683,0.177663296,3.068043232,5.410373211,0.104328714,0.084328376,0.552335024,0.444334477,0.242997736,0.486329913,-1.000011683,-0.001006588,-1.000006437,1.365327954,1.655999541,-1.000006437,2.996031761,0.997993588,2.995998144,6.992033958,-0.570671082,-1.000011683,-0.368667662,-1.000011683
TU-tss-66,0,0,0,0,0,NA,0,NA,NA,0,NA,0,NA,0,NA,0,0,0,NA,0,0,0,0,0,0,0,0,0,0,0,0,0,0,0,0,0,0,0,0,0,-0.870670915,-0.014666668,-0.002666667,-0.001333333,-1.000006437,NA,-0.002,NA,NA,-0.016000001,NA,-0.006000001,NA,-1.000006437,NA,-0.016000001,-0.524670303,-0.016000001,NA,-0.003,-1.000006437,-0.009333334,-0.014666668,-0.026666669,-0.345332146,-0.013333335,-0.008,-0.005333334,-0.266665906,-0.006000001,-0.005333334,-0.010666667,-0.237332731,-0.012000001,-0.006666667,-0.013333335,-0.179999366,-0.006000001,-0.006666667,-0.004666667
TU-uac-98,1,0,1,0,1,1,1,1,1,1,1,0,0,1,1,1,0,1,1,1,1,1,1,1,1,1,0,0,0,1,1,0,0,0,0,0,0,0,0,0,2.6423347,7.991053581,0.540335119,7.991051674,0.415000647,1.706000924,2.559665442,0.469668239,0.552335024,0.515001893,0.580331504,-0.26199919,-1.52399838,2.953666925,0.358999699,0.508335292,-0.459335864,0.384333462,3.064696074,5.469701767,0.321665734,0.16032967,0.620334685,0.379000038,0.265664786,0.50699693,-1.000011683,-1.000011683,-1.000006437,1.465996265,1.564664602,-1.000006437,3.310682774,1.304663181,0.997993588,6.992016315,-0.265999258,-0.378667831,-0.337333798,-1.000011683
TU-ukx-7,1,0,1,1,1,1,0,1,1,1,1,1,0,1,0,1,1,1,1,1,NA,1,1,1,1,1,1,0,0,1,1,1,0,0,0,0,0,0,0,0,2.667667866,3.995047092,0.697667599,9.142041206,0.651001215,1.708667517,0.621665537,0.565668344,0.349666208,0.579001546,0.280993104,1.143990874,-1.139999986,3.264334202,-1.214666247,0.625667989,0.192324951,0.284331769,3.284689188,5.214721203,NA,0.301665395,0.366999835,0.274998277,0.423000783,0.395661712,0.569664657,-0.001006588,0.997993588,1.412662029,1.667333126,1.28066504,2.996041059,2.996028423,0.997988105,2.996026516,-1.405334949,-1.000011683,-1.000011683,-1.000011683
TU-ung-43,1,0,1,0,0,1,1,1,1,1,1,0,0,1,1,1,0,0,1,1,0,1,1,1,1,1,1,0,0,1,1,1,0,0,1,0,0,0,1,0,2.803667068,6.00572443,0.775000513,6.992053032,-1.000006437,1.811333656,2.406329632,0.763000607,0.314998955,0.282998413,0.576998115,-0.855342567,-1.190666318,3.548333645,0.372333258,0.479001731,-1.000011683,-1.000006437,3.176699877,5.14039278,-1.000006437,0.154996246,0.265664786,0.431000918,0.257664651,0.465662897,0.609665334,0.998056233,0.997993588,1.499330282,1.563331366,1.492668629,2.996045351,2.996013403,3.217343807,8.990046501,-1.300666451,-1.000011683,0.359661102,-1.000011683
TU-upf-167,1,0,0,0,0,1,1,1,0,1,1,0,0,1,0,1,1,0,1,1,1,0,1,1,NA,1,NA,0,0,1,1,1,0,1,1,0,0,0,0,0,2.186330318,5.99304533,-1.000006437,1.368685961,-1.000006437,1.65933454,2.474348307,0.655001163,-1.000006437,0.210997194,0.618998826,-1.000011683,-1.000006437,3.629666328,-1.76800251,0.412333935,0.103656784,-1.000006437,3.242689133,5.365708828,0.121662341,-1.000006437,0.412333935,0.258998007,NA,0.420995474,NA,-0.001006409,-1.000006437,1.42199564,1.664666414,1.620668054,2.996041059,4.994031906,2.99599719,0.997993588,-1.49000299,-1.000011683,-1.791341424,-1.000011683
TU-upx-276,1,0,1,0,1,1,0,NA,0,0,0,0,0,0,0,1,0,1,0,0,0,0,0,0,0,0,NA,0,0,0,0,0,0,NA,0,0,0,0,0,0,2.182330132,1.997034311,0.192330211,1.997032166,0.467001528,1.57400167,0.612332046,NA,-1.000006437,-1.000006437,-0.069999963,-0.001333333,-1.853337288,0.015022168,-1.668000817,0.138995975,-1.000011683,0.032327496,1.997044802,2.996059895,-0.201332927,-0.002666667,-0.002666667,-0.002666667,-1.000006437,-0.145999551,NA,-0.001333333,-1.000006437,-1.728007078,-0.034666669,-0.002666667,2.99600172,NA,-0.002666667,-0.002666667,-1.358667374,-1.000011683,-1.346000552,-0.157332823
TU-vqq-56,1,0,1,0,1,0,0,1,1,0,0,0,0,0,0,0,NA,NA,NA,NA,NA,NA,NA,NA,NA,NA,NA,NA,NA,NA,NA,NA,NA,NA,NA,NA,NA,NA,NA,NA,2.583668232,3.995045662,0.58433485,3.995054722,0.27099821,0.745667338,1.724000692,0.369666547,0.399000376,-1.000006437,-1.000011683,-1.000011683,-1.202666283,-6.719961643,-1.373332024,-1.178666472,NA,NA,NA,NA,NA,NA,NA,NA,NA,NA,NA,NA,NA,NA,NA,NA,NA,NA,NA,NA,NA,NA,NA,NA
TU-vrf-128,0,0,1,1,0,1,0,1,0,1,1,1,0,0,0,0,1,0,1,1,1,1,1,1,0,0,1,0,1,0,0,0,1,1,1,1,0,0,0,1,-1.000006437,6.992053032,0.557668328,9.254706383,-1.530998588,1.703334212,0.792334139,0.841666818,-1.000006437,0.74166739,0.686999977,1.349994421,-1.210666299,0.259500623,-0.152999818,-1.136000037,0.189658239,-1.000006437,3.43535614,5.526698112,0.066994749,0.110995494,0.659001112,0.551001728,-1.113333344,-1.026666641,0.615665436,0.998050034,3.025327682,-1.069333315,-1.113332987,-1.000006437,4.994043827,4.994042397,2.996020794,10.98804569,-1.231332421,-1.000011683,-1.083333135,0.291659951
TU-vto-159,1,NA,NA,NA,NA,NA,NA,NA,1,1,1,1,1,1,1,1,1,1,1,1,1,1,1,1,1,1,1,1,1,1,1,1,1,0,1,1,1,1,0,0,2.835666895,NA,NA,NA,NA,NA,NA,NA,0.759000599,0.760333896,0.769667566,1.541997671,0.508335292,3.732333183,0.691000938,0.753667295,0.703000247,0.764333904,3.521356106,5.716351509,0.644334555,0.533668518,0.483001798,0.727000773,0.643001199,0.842333853,0.616998792,2.797003269,3.26132679,1.79200089,1.820000648,1.743334055,5.110031605,3.244007587,3.145344973,11.34803391,0.736334145,0.537664115,-1.209999204,-0.888676465
TU-vyk-81,1,0,1,0,1,1,0,1,1,1,1,1,1,0,0,1,0,0,NA,1,0,1,1,1,0,1,0,0,0,0,1,0,1,0,1,0,0,0,0,0,2.316998959,7.99105072,0.713667512,1.480676651,0.500335336,1.738000751,0.724333942,0.595001459,0.370999902,0.487001866,0.263659477,1.517330527,0.104328714,0.252833992,-1.267999291,0.671001077,-1.000011683,-1.000006437,NA,5.214715481,-1.000006437,0.173663229,0.42700085,0.326999158,-1.203999639,0.646332622,-1.000011683,0.998048365,0.997991323,-1.400668144,1.657332897,-1.000006437,4.994019508,2.996022701,2.996005535,6.992034912,-1.407334924,-1.000011683,-1.335333705,-1.000011683
TU-vyw-18,1,0,1,0,1,1,1,1,1,1,1,1,0,1,1,0,0,0,1,1,1,1,0,1,0,0,0,1,0,0,0,1,0,0,1,1,0,0,0,0,2.689001083,7.991055489,0.749667287,7.991061211,0.452334613,1.667334437,2.477665663,0.849666774,0.552335024,0.329665869,0.567664623,1.396661758,-1.000006437,3.157664299,0.46300146,-1.121333361,-1.000011683,-1.000006437,3.378692627,5.472035408,0.30033204,0.05366119,-1.000006437,0.415000647,-1.403998494,-1.334000349,-0.544003963,2.69567275,-0.668000817,-1.097999811,-1.078666568,1.675334334,2.996042252,2.996010303,2.995996475,10.98804092,-1.358000755,-0.61333847,-1.247998953,-1.000011683
TU-vyy-149,1,0,1,0,1,1,0,1,1,1,1,1,0,1,0,1,0,1,1,1,1,0,1,0,1,0,0,0,0,0,1,1,0,1,0,0,0,0,0,0,2.234331131,5.993047714,0.180330008,7.991052628,0.330999225,1.746000648,0.769000888,0.469668239,0.314998955,0.168329805,0.172324613,1.293326735,-1.000006437,3.230994701,-1.000006437,0.38166675,-1.000011683,0.133662552,3.210023403,5.250049591,0.328332514,-1.000006437,0.461668104,-1.000006437,0.226997465,-1.275332689,-1.000011683,0.998004258,0.997993588,-1.361334085,1.29532671,1.195330262,-1.000006437,4.994032383,0.997993588,4.994036198,-1.000011683,-1.000011683,-1.223332405,-1.000011683
TU-xmp-55,0,0,0,0,1,1,1,1,1,1,1,0,0,0,1,1,0,0,1,1,1,1,1,1,1,0,0,0,0,0,0,1,0,0,0,0,0,NA,NA,NA,-1.000006437,1.997046471,-1.000006437,5.037374496,0.216330618,1.776667237,2.513680935,0.334999293,0.190996855,0.533668518,0.570331335,-1.000011683,-1.000006437,-0.4551723,0.201663703,0.312332243,-1.000011683,-1.000006437,3.100034714,5.09739399,0.089661799,0.362999767,0.564334989,0.397667021,0.246997803,-1.151332855,-1.000011683,-0.001006409,-1.000006437,-1.534670353,-1.429335356,1.463334799,2.995995522,2.995999575,0.997993588,8.990038872,-0.640005589,NA,NA,NA
TU-xnk-148,1,1,1,1,1,1,1,1,1,1,1,1,1,1,1,1,1,1,1,1,1,1,1,1,0,0,1,0,1,0,1,1,1,1,1,1,0,1,0,1,2.730334282,9.036717415,0.787000418,9.020724297,0.709667563,1.881999969,2.529010773,0.870999992,0.701667547,0.575001597,0.786334157,1.766000986,0.391000241,3.628333092,0.78966713,0.71100086,0.663666248,0.528335214,3.590016842,5.641024113,0.672334433,0.420334071,0.537668467,0.601668119,-1.061333418,-1.118666291,0.61766547,0.998052895,3.231993198,-1.123332977,1.834000587,1.756667256,4.994038582,4.994040012,2.996043205,10.98805046,-1.000011683,0.37032795,-1.000011683,0.468329608
TU-xxr-85,1,1,1,1,1,1,0,1,1,1,1,1,1,1,1,1,1,1,1,1,1,1,1,1,0,1,1,0,1,1,1,1,1,1,1,1,0,1,0,1,2.02632761,9.451361656,0.784333825,9.43136692,0.661667824,1.875333309,0.781000853,0.84433347,0.625667989,0.576334953,0.775667548,1.405328631,0.429667562,3.736333132,0.675001025,0.747000694,0.711000383,0.523001909,3.579350233,5.629024982,0.641667902,0.521668553,0.671001077,0.653667808,-1.041333318,0.787667453,0.616998792,0.998040617,3.039990664,1.706000328,1.635999203,1.484668493,4.994033337,4.994045734,2.996015072,10.98806095,-1.53533709,0.268326223,-1.975344539,0.302993476
TU-ydu-108,1,0,0,0,0,1,0,0,0,0,0,0,0,0,NA,0,0,0,0,0,NA,NA,NA,NA,NA,NA,NA,NA,NA,NA,NA,NA,NA,NA,NA,NA,NA,NA,NA,NA,2.328999281,1.997027397,-1.000006437,-1.000011683,-1.839003682,1.316665649,-1.000011683,-1.000006437,-1.000006437,-1.000006437,-1.000011683,-1.000011683,-1.37466538,-4.333317757,NA,-1.000006437,-1.000011683,-1.000006437,-1.000011683,-0.999969602,NA,NA,NA,NA,NA,NA,NA,NA,NA,NA,NA,NA,NA,NA,NA,NA,NA,NA,NA,NA
TU-yqq-152,1,0,1,0,1,1,0,1,NA,1,NA,1,0,1,1,0,NA,NA,NA,NA,NA,NA,NA,NA,NA,NA,NA,NA,NA,NA,NA,NA,NA,NA,NA,NA,NA,NA,NA,NA,2.755667448,4.994045734,0.660334468,6.992054939,0.585668206,1.694000959,0.765667617,0.643001199,NA,0.366999835,NA,1.564664602,-1.000006437,3.396334171,0.088328443,-1.215999484,NA,NA,NA,NA,NA,NA,NA,NA,NA,NA,NA,NA,NA,NA,NA,NA,NA,NA,NA,NA,NA,NA,NA,NA
TU-yuy-107,0,0,NA,0,1,1,0,0,1,0,0,0,0,NA,0,0,0,0,0,0,0,0,0,0,0,0,0,0,0,0,0,0,0,0,0,0,0,0,NA,NA,-1.000006437,1.997022629,NA,-0.19600074,0.21233055,1.482001781,0.390328288,-1.000006437,0.180330008,-1.000006437,-0.788008094,-0.001333333,-1.42933166,NA,-0.03066667,-0.002666667,-1.000011683,-1.000006437,0.998017132,-0.000988589,-1.000006437,-1.000006437,-1.000006437,-1.000006437,-1.233332753,-1.04066658,-0.593338132,-0.001333333,-1.000006437,-1.430001974,-1.000011683,-1.000006437,-1.000006437,-1.000006437,-1.000006437,0.997993588,-1.000011683,-1.000011683,NA,NA
TU-yyh-87,1,0,1,1,1,1,1,1,1,1,1,1,1,1,1,1,0,1,1,1,1,1,1,1,1,1,1,0,0,0,0,0,0,1,0,1,0,0,0,1,2.677000999,6.992055416,0.675001025,9.102718353,0.495002002,1.752667308,2.270329714,0.567001641,0.477668375,0.571001649,0.704333603,1.523997307,0.181663364,3.369667292,0.48566851,0.679001033,-1.000011683,0.545668423,3.201357365,5.604692459,0.465668172,0.057661258,0.688334346,0.428334206,0.213663906,0.624332249,0.592998385,-0.001006409,0.997992754,-1.319333434,-1.000011683,-1.000006437,2.996029854,4.994019508,0.997990966,10.98805237,-1.328000307,-1.000011683,-1.38266778,0.428995609
TU-zir-88,1,1,1,1,1,1,1,1,1,0,NA,1,NA,1,1,0,1,1,1,1,1,1,1,1,0,0,1,1,1,1,1,1,0,0,1,1,0,1,1,1,2.695667744,9.274024963,0.828333557,9.411363602,0.780333817,1.860666752,2.629002094,0.875,0.328332514,-1.000006437,NA,1.741334319,NA,3.721666336,0.695000947,-1.045333385,0.421662152,0.732334077,3.333355427,5.614356518,0.655001163,0.541668415,0.452334613,0.637667894,-1.053333402,-1.162666082,0.616998792,2.680335283,3.199992657,1.704000354,1.754001021,1.662001133,2.996044159,2.996023178,2.996022224,10.98806,-1.774007797,0.475663066,0.41566205,0.462996185
TU-zso-20,1,0,1,0,1,1,0,1,0,0,1,0,0,1,0,1,0,0,1,1,NA,0,1,0,1,1,1,0,0,0,0,1,0,1,1,0,0,0,0,0,2.529001951,4.994051933,0.548335075,2.996021271,0.177663296,1.618001342,0.676999807,0.340332717,-1.000006437,-1.000006437,0.475663066,-1.000011683,-1.210666299,3.29500103,-0.606666446,0.096328579,-1.000011683,-1.000006437,3.01403594,5.365709305,NA,-1.000006437,0.126995772,-1.000006437,0.294998616,0.461662829,0.236325696,-1.000011683,-1.000006437,-1.141332865,-1.084666491,1.65933454,2.996020317,4.994006157,2.996003628,6.992040634,-0.107333094,-0.316666782,-0.5126701,-0.724673688
TU-ztw-92,0,0,0,0,NA,0,0,0,0,0,0,0,0,0,0,0,0,0,0,0,0,0,1,0,0,0,0,0,0,0,0,0,0,0,0,0,0,0,0,0,-1.000006437,0.998007953,-1.000006437,-0.630008459,NA,-1.000006437,-0.001006409,-1.000006437,-1.000006437,-1.000006437,-1.000011683,-1.000011683,-1.46666491,-1.000006437,-1.000006437,-1.055999994,-1.000011683,-1.000006437,-0.001009255,0.99801445,-1.000006437,-1.000006437,0.575001597,-1.000006437,-1.189333081,-1.021999955,-1.000011683,-1.000011683,-1.000006437,-1.000011683,-1.000011683,-1.000006437,-1.000006437,-1.000006437,-1.000006437,-1.000006437,-1.279332757,-1.000011683,-1.690673113,-1.000011683
TU-zxe-23,1,0,1,0,1,1,0,1,0,0,0,0,0,0,0,0,0,0,0,0,0,0,1,0,0,0,0,0,0,1,1,0,0,0,1,0,0,0,0,0,2.43033433,3.995046616,0.184330076,2.996020555,0.181663364,1.259331346,0.626998961,0.002993666,-1.000006437,-1.000006437,-1.000011683,-1.000011683,-1.000006437,-3.586649418,-1.000006437,-1.000006437,-1.000011683,-1.000006437,0.998012125,2.996055126,-1.000006437,-1.000006437,0.380333394,-1.000006437,-1.000006437,-1.000011683,-1.000011683,-0.001006707,-1.000006437,1.171991348,1.146657586,-1.000006437,2.996018887,-1.000006437,2.996006966,2.996008635,-1.776007891,-1.000011683,-1.000011683,-1.000011683
TU-jwf-110,0,0,0,0,0,0,0,0,0,0,0,0,0,0,0,0,0,0,0,0,0,0,0,0,0,0,0,0,0,0,0,0,0,0,0,0,0,0,0,0,-1.000006437,-1.000011683,-1.000006437,-1.000011683,-1.000006437,-1.000006437,-1.000011683,-1.000006437,-1.000006437,-1.000006437,-1.000011683,-1.000011683,-1.210666299,-3.146645784,-1.000006437,-1.000006437,-1.000011683,-1.000006437,-1.000011683,-0.00098999,-1.000006437,-1.000006437,-1.000006437,-1.000006437,-1.000006437,-1.000011683,-1.000011683,-1.000011683,-1.000006437,-1.067333221,-1.078666568,-1.000006437,-1.000006437,-1.000006437,-1.000006437,-1.000006437,-1.000011683,-1.000011683,-1.000011683,-1.000011683
TU-djg-100,1,0,1,1,1,1,1,1,1,1,1,0,NA,1,1,1,0,1,1,1,1,0,1,1,1,1,1,0,0,1,1,1,0,0,1,1,0,0,0,0,2.6423347,7.991061211,0.621667981,9.044054985,0.477668375,1.806000352,2.509005785,0.785667121,0.643001199,0.52966851,0.648999333,-0.896009922,NA,3.373662472,0.491001934,0.635001302,-0.648005724,0.288331836,3.096706152,5.271383286,0.453667969,-1.000006437,0.739000678,0.464334816,0.46300146,0.61433208,0.616998792,1.582676649,0.997993588,1.62066555,1.458662868,1.663334489,2.996040344,0.997993588,3.368021011,10.98804283,-0.251999021,-0.866009414,-0.326666951,-1.000011683
TU-qgv-95,1,0,1,0,0,1,0,1,0,1,1,0,0,1,0,0,0,1,1,1,0,0,1,1,0,0,0,0,0,0,0,1,0,0,0,1,0,0,0,0,2.489001989,7.991052628,0.719000816,0.737666845,-0.001006424,1.672667742,0.645665944,0.675001025,-0.521331668,0.142996043,0.592998385,-1.000011683,-1.13866663,3.165664196,-1.185333014,-1.131999969,-1.000011683,0.399000376,3.406692028,5.377042294,-1.000006437,-1.000006437,0.660334468,0.250997871,-1.077333331,-1.050666571,-0.530003726,1.428024292,0.997993588,-1.173332691,-1.336000443,1.632667899,3.052045345,1.088654995,0.997993588,10.98804283,-1.179999352,-0.235999063,-1.105999708,-0.31400007
TU-ukc-168,1,0,1,0,1,0,0,1,1,1,1,1,1,1,1,1,0,1,1,1,1,1,1,1,1,1,0,0,0,0,0,1,0,1,1,1,0,0,0,1,2.717000961,7.991049767,0.775000513,7.991054535,0.705667555,0.157662958,0.801000714,0.81366694,0.500335336,0.548335075,0.707000315,1.376661539,0.070994817,3.578999996,0.471001595,0.42700085,-1.000011683,0.306998819,3.409352303,5.484701633,0.297665328,0.184330076,0.812333643,0.484335154,0.197663635,0.666999638,-1.000011683,0.998054802,0.997993588,-1.233332396,-1.651339054,1.656667829,2.996025562,4.994037628,2.996031284,10.98804569,-1.440668821,-1.000011683,-1.476669431,0.314327002
TU-uur-75,1,0,1,1,1,1,1,1,1,1,1,1,0,1,1,1,0,0,1,1,1,1,1,1,0,1,1,0,0,0,0,0,0,0,1,1,0,0,0,1,2.711667538,7.991054535,0.744333982,9.138710976,0.544335127,1.734000802,2.615003586,0.733667374,0.659001112,0.705667555,0.648999333,1.508663654,-1.151999831,3.63499999,0.496335357,0.513668597,-1.000011683,-1.000006437,3.408019066,5.577362061,0.555001736,0.088328443,0.601668119,0.420334071,-1.129333377,0.678333163,0.612998724,0.998053133,0.997990966,-1.127999544,-1.071999907,-1.000006437,2.996050596,0.997985721,2.996020555,10.98805714,-1.208665848,-1.000011683,-1.225332379,0.183658138
