"Step","PPO (default), operantCurriculum E, timescale=1, 400K timesteps - rollout/ep_rew_mean","PPO (default), operantCurriculum E, timescale=1, 400K timesteps - rollout/ep_rew_mean__MIN","PPO (default), operantCurriculum E, timescale=1, 400K timesteps - rollout/ep_rew_mean__MAX","PPO (default), operantCurriculum D, timescale=1, 400K timesteps - rollout/ep_rew_mean","PPO (default), operantCurriculum D, timescale=1, 400K timesteps - rollout/ep_rew_mean__MIN","PPO (default), operantCurriculum D, timescale=1, 400K timesteps - rollout/ep_rew_mean__MAX","PPO (default), operantCurriculum C, timescale=1, 400K timesteps - rollout/ep_rew_mean","PPO (default), operantCurriculum C, timescale=1, 400K timesteps - rollout/ep_rew_mean__MIN","PPO (default), operantCurriculum C, timescale=1, 400K timesteps - rollout/ep_rew_mean__MAX","PPO (default), operantCurriculum B, timescale=1, 400K timesteps - rollout/ep_rew_mean","PPO (default), operantCurriculum B, timescale=1, 400K timesteps - rollout/ep_rew_mean__MIN","PPO (default), operantCurriculum B, timescale=1, 400K timesteps - rollout/ep_rew_mean__MAX","PPO (default), operantCurriculum A, timescale=1, 400K timesteps - rollout/ep_rew_mean","PPO (default), operantCurriculum A, timescale=1, 400K timesteps - rollout/ep_rew_mean__MIN","PPO (default), operantCurriculum A, timescale=1, 400K timesteps - rollout/ep_rew_mean__MAX"
"0","-0.37835198640823364","-0.37835198640823364","-0.37835198640823364","-0.4740560054779053","-0.4740560054779053","-0.4740560054779053","0.9048720002174377","0.9048720002174377","0.9048720002174377","0.948360025882721","0.948360025882721","0.948360025882721","-0.9995999932289124","-0.9995999932289124","-0.9995999932289124"
"1","-0.3791239857673645","-0.3791239857673645","-0.3791239857673645","-0.47099199891090393","-0.47099199891090393","-0.47099199891090393","0.8661360144615173","0.8661360144615173","0.8661360144615173","0.9492520093917847","0.9492520093917847","0.9492520093917847","-0.9995999932289124","-0.9995999932289124","-0.9995999932289124"
"2","-0.41812801361083984","-0.41812801361083984","-0.41812801361083984","-0.46898800134658813","-0.46898800134658813","-0.46898800134658813","0.8077239990234375","0.8077239990234375","0.8077239990234375","0.9354479908943176","0.9354479908943176","0.9354479908943176","-0.9995999932289124","-0.9995999932289124","-0.9995999932289124"
"3","-0.42003199458122253","-0.42003199458122253","-0.42003199458122253","-0.4676400125026703","-0.4676400125026703","-0.4676400125026703","0.7687600255012512","0.7687600255012512","0.7687600255012512","0.9306280016899109","0.9306280016899109","0.9306280016899109","-0.9995999932289124","-0.9995999932289124","-0.9995999932289124"
"4","-0.4395279884338379","-0.4395279884338379","-0.4395279884338379","-0.4682359993457794","-0.4682359993457794","-0.4682359993457794","0.7103760242462158","0.7103760242462158","0.7103760242462158","0.950219988822937","0.950219988822937","0.950219988822937","-0.9995999932289124","-0.9995999932289124","-0.9995999932289124"
"5","-0.4785360097885132","-0.4785360097885132","-0.4785360097885132","-0.4471000134944916","-0.4471000134944916","-0.4471000134944916","0.6714239716529846","0.6714239716529846","0.6714239716529846","0.9537360072135925","0.9537360072135925","0.9537360072135925","-0.9995999932289124","-0.9995999932289124","-0.9995999932289124"
"6","-0.49803999066352844","-0.49803999066352844","-0.49803999066352844","-0.4495120048522949","-0.4495120048522949","-0.4495120048522949","0.6323599815368652","0.6323599815368652","0.6323599815368652","0.95524001121521","0.95524001121521","0.95524001121521","-0.9995999932289124","-0.9995999932289124","-0.9995999932289124"
"7","-0.5019599795341492","-0.5019599795341492","-0.5019599795341492","-0.4496519863605499","-0.4496519863605499","-0.4496519863605499","0.5733519792556763","0.5733519792556763","0.5733519792556763","0.9446439743041992","0.9446439743041992","0.9446439743041992","-0.9995999932289124","-0.9995999932289124","-0.9995999932289124"
"8","-0.522055983543396","-0.522055983543396","-0.522055983543396","-0.43189600110054016","-0.43189600110054016","-0.43189600110054016","0.5339199900627136","0.5339199900627136","0.5339199900627136","0.9414880275726318","0.9414880275726318","0.9414880275726318","-0.9995999932289124","-0.9995999932289124","-0.9995999932289124"
"9","-0.5414280295372009","-0.5414280295372009","-0.5414280295372009","-0.43408000469207764","-0.43408000469207764","-0.43408000469207764","0.49501198530197144","0.49501198530197144","0.49501198530197144","0.9007800221443176","0.9007800221443176","0.9007800221443176","-0.9995999932289124","-0.9995999932289124","-0.9995999932289124"
"10","-0.5226439833641052","-0.5226439833641052","-0.5226439833641052","-0.41652798652648926","-0.41652798652648926","-0.41652798652648926","0.43674400448799133","0.43674400448799133","0.43674400448799133","0.9088799953460693","0.9088799953460693","0.9088799953460693","-0.9995999932289124","-0.9995999932289124","-0.9995999932289124"
"11","-0.5358480215072632","-0.5358480215072632","-0.5358480215072632","-0.41703999042510986","-0.41703999042510986","-0.41703999042510986","0.39781999588012695","0.39781999588012695","0.39781999588012695","0.950111985206604","0.950111985206604","0.950111985206604","-0.9995999932289124","-0.9995999932289124","-0.9995999932289124"
"12","-0.5362399816513062","-0.5362399816513062","-0.5362399816513062","-0.41694799065589905","-0.41694799065589905","-0.41694799065589905","0.33952799439430237","0.33952799439430237","0.33952799439430237","0.931443989276886","0.931443989276886","0.931443989276886","-0.9995999932289124","-0.9995999932289124","-0.9995999932289124"
"13","-0.5553719997406006","-0.5553719997406006","-0.5553719997406006","-0.41694799065589905","-0.41694799065589905","-0.41694799065589905","0.3006080090999603","0.3006080090999603","0.3006080090999603","0.911408007144928","0.911408007144928","0.911408007144928","-0.9995999932289124","-0.9995999932289124","-0.9995999932289124"
"14","-0.5562800168991089","-0.5562800168991089","-0.5562800168991089","-0.39792799949645996","-0.39792799949645996","-0.39792799949645996","0.2617039978504181","0.2617039978504181","0.2617039978504181","0.910036027431488","0.910036027431488","0.910036027431488","-0.9995999932289124","-0.9995999932289124","-0.9995999932289124"
"15","-0.5737320184707642","-0.5737320184707642","-0.5737320184707642","-0.37802401185035706","-0.37802401185035706","-0.37802401185035706","0.20332400500774384","0.20332400500774384","0.20332400500774384","0.954043984413147","0.954043984413147","0.954043984413147","-0.9995999932289124","-0.9995999932289124","-0.9995999932289124"
"16","-0.5916039943695068","-0.5916039943695068","-0.5916039943695068","-0.3775799870491028","-0.3775799870491028","-0.3775799870491028","0.1643799990415573","0.1643799990415573","0.1643799990415573","0.9523320198059082","0.9523320198059082","0.9523320198059082","-0.9995999932289124","-0.9995999932289124","-0.9995999932289124"
"17","-0.5940279960632324","-0.5940279960632324","-0.5940279960632324","-0.37477999925613403","-0.37477999925613403","-0.37477999925613403","0.1061440035700798","0.1061440035700798","0.1061440035700798","0.9524959921836853","0.9524959921836853","0.9524959921836853","-0.9995999932289124","-0.9995999932289124","-0.9995999932289124"
"18","-0.5940279960632324","-0.5940279960632324","-0.5940279960632324","-0.3541800081729889","-0.3541800081729889","-0.3541800081729889","0.06728799641132355","0.06728799641132355","0.06728799641132355","0.9559999704360962","0.9559999704360962","0.9559999704360962","-0.9995999932289124","-0.9995999932289124","-0.9995999932289124"
"19","-0.6125400066375732","-0.6125400066375732","-0.6125400066375732","-0.3343839943408966","-0.3343839943408966","-0.3343839943408966","0.028384000062942505","0.028384000062942505","0.028384000062942505","0.9548280239105225","0.9548280239105225","0.9548280239105225","-0.9995999932289124","-0.9995999932289124","-0.9995999932289124"
"20","-0.6476680040359497","-0.6476680040359497","-0.6476680040359497","-0.29615598917007446","-0.29615598917007446","-0.29615598917007446","-0.02982800081372261","-0.02982800081372261","-0.02982800081372261","0.9536200165748596","0.9536200165748596","0.9536200165748596","-0.9995999932289124","-0.9995999932289124","-0.9995999932289124"
"21","-0.6485919952392578","-0.6485919952392578","-0.6485919952392578","-0.2764439880847931","-0.2764439880847931","-0.2764439880847931","-0.0686199963092804","-0.0686199963092804","-0.0686199963092804","0.9548599720001221","0.9548599720001221","0.9548599720001221","-0.9995999932289124","-0.9995999932289124","-0.9995999932289124"
"22","-0.6671680212020874","-0.6671680212020874","-0.6671680212020874","-0.25614801049232483","-0.25614801049232483","-0.25614801049232483","-0.12676000595092773","-0.12676000595092773","-0.12676000595092773","0.9553279876708984","0.9553279876708984","0.9553279876708984","-0.9995999932289124","-0.9995999932289124","-0.9995999932289124"
"23","-0.6682919859886169","-0.6682919859886169","-0.6682919859886169","-0.2355560064315796","-0.2355560064315796","-0.2355560064315796","-0.16566799581050873","-0.16566799581050873","-0.16566799581050873","0.9351879954338074","0.9351879954338074","0.9351879954338074","-0.9995999932289124","-0.9995999932289124","-0.9995999932289124"
"24","-0.6682919859886169","-0.6682919859886169","-0.6682919859886169","-0.25453200936317444","-0.25453200936317444","-0.25453200936317444","-0.20455999672412872","-0.20455999672412872","-0.20455999672412872","0.9154000282287598","0.9154000282287598","0.9154000282287598","-0.9995999932289124","-0.9995999932289124","-0.9995999932289124"
"25","-0.6682919859886169","-0.6682919859886169","-0.6682919859886169","-0.2539759874343872","-0.2539759874343872","-0.2539759874343872","-0.2515600025653839","-0.2515600025653839","-0.2515600025653839","0.8953719735145569","0.8953719735145569","0.8953719735145569","-0.9995999932289124","-0.9995999932289124","-0.9995999932289124"
"26","-0.6660640239715576","-0.6660640239715576","-0.6660640239715576","-0.22934399545192719","-0.22934399545192719","-0.22934399545192719","-0.29047998785972595","-0.29047998785972595","-0.29047998785972595","0.9547399878501892","0.9547399878501892","0.9547399878501892","-0.9995999932289124","-0.9995999932289124","-0.9995999932289124"
"27","-0.6696599721908569","-0.6696599721908569","-0.6696599721908569","-0.2103320062160492","-0.2103320062160492","-0.2103320062160492","-0.3487040102481842","-0.3487040102481842","-0.3487040102481842","0.9354439973831177","0.9354439973831177","0.9354439973831177","-0.9995999932289124","-0.9995999932289124","-0.9995999932289124"
"28","-0.6802759766578674","-0.6802759766578674","-0.6802759766578674","-0.21664799749851227","-0.21664799749851227","-0.21664799749851227","-0.3874639868736267","-0.3874639868736267","-0.3874639868736267","0.9363120198249817","0.9363120198249817","0.9363120198249817","-0.9995999932289124","-0.9995999932289124","-0.9995999932289124"
"29","-0.6918479800224304","-0.6918479800224304","-0.6918479800224304","-0.21664799749851227","-0.21664799749851227","-0.21664799749851227","-0.387472003698349","-0.387472003698349","-0.387472003698349","0.9535679817199707","0.9535679817199707","0.9535679817199707","-0.9995999932289124","-0.9995999932289124","-0.9995999932289124"
"30","-0.6729080080986023","-0.6729080080986023","-0.6729080080986023","-0.20019599795341492","-0.20019599795341492","-0.20019599795341492","-0.3487760126590729","-0.3487760126590729","-0.3487760126590729","0.9536439776420593","0.9536439776420593","0.9536439776420593","-0.9995999932289124","-0.9995999932289124","-0.9995999932289124"
"31","-0.6916679739952087","-0.6916679739952087","-0.6916679739952087","-0.19731199741363525","-0.19731199741363525","-0.19731199741363525","-0.3488680124282837","-0.3488680124282837","-0.3488680124282837","0.9562720060348511","0.9562720060348511","0.9562720060348511","-0.9995999932289124","-0.9995999932289124","-0.9995999932289124"
"32","-0.6728479862213135","-0.6728479862213135","-0.6728479862213135","-0.17872799932956696","-0.17872799932956696","-0.17872799932956696","-0.3496200144290924","-0.3496200144290924","-0.3496200144290924","0.9560080170631409","0.9560080170631409","0.9560080170631409","-0.9995999932289124","-0.9995999932289124","-0.9995999932289124"
"33","-0.67194002866745","-0.67194002866745","-0.67194002866745","-0.17709200084209442","-0.17709200084209442","-0.17709200084209442","-0.3556720018386841","-0.3556720018386841","-0.3556720018386841","0.9561759829521179","0.9561759829521179","0.9561759829521179","-0.9995999932289124","-0.9995999932289124","-0.9995999932289124"
"34","-0.6894320249557495","-0.6894320249557495","-0.6894320249557495","-0.15408000349998474","-0.15408000349998474","-0.15408000349998474","-0.37510401010513306","-0.37510401010513306","-0.37510401010513306","0.9568840265274048","0.9568840265274048","0.9568840265274048","-0.9995999932289124","-0.9995999932289124","-0.9995999932289124"
"35","-0.6839479804039001","-0.6839479804039001","-0.6839479804039001","-0.1523679941892624","-0.1523679941892624","-0.1523679941892624","-0.3943040072917938","-0.3943040072917938","-0.3943040072917938","0.9559760093688965","0.9559760093688965","0.9559760093688965","-0.9995999932289124","-0.9995999932289124","-0.9995999932289124"
"36","-0.6837000250816345","-0.6837000250816345","-0.6837000250816345","-0.13342399895191193","-0.13342399895191193","-0.13342399895191193","-0.4136959910392761","-0.4136959910392761","-0.4136959910392761","0.9561079740524292","0.9561079740524292","0.9561079740524292","-0.9995999932289124","-0.9995999932289124","-0.9995999932289124"
"37","-0.6664360165596008","-0.6664360165596008","-0.6664360165596008","-0.11376400291919708","-0.11376400291919708","-0.11376400291919708","-0.39612001180648804","-0.39612001180648804","-0.39612001180648804","0.9561079740524292","0.9561079740524292","0.9561079740524292","-0.9995999932289124","-0.9995999932289124","-0.9995999932289124"
"38","-0.6695960164070129","-0.6695960164070129","-0.6695960164070129","-0.11340799927711487","-0.11340799927711487","-0.11340799927711487","-0.3959920108318329","-0.3959920108318329","-0.3959920108318329","0.956167995929718","0.956167995929718","0.956167995929718","-0.9995999932289124","-0.9995999932289124","-0.9995999932289124"
"39","-0.6560760140419006","-0.6560760140419006","-0.6560760140419006","-0.11350800096988678","-0.11350800096988678","-0.11350800096988678","-0.3967680037021637","-0.3967680037021637","-0.3967680037021637","0.9375119805335999","0.9375119805335999","0.9375119805335999","-0.9995999932289124","-0.9995999932289124","-0.9995999932289124"
"40","-0.6560760140419006","-0.6560760140419006","-0.6560760140419006","-0.11360800266265869","-0.11360800266265869","-0.11360800266265869","-0.41624000668525696","-0.41624000668525696","-0.41624000668525696","0.9179319739341736","0.9179319739341736","0.9179319739341736","-0.9995999932289124","-0.9995999932289124","-0.9995999932289124"
"41","-0.6530799865722656","-0.6530799865722656","-0.6530799865722656","-0.11315999925136566","-0.11315999925136566","-0.11315999925136566","-0.4163680076599121","-0.4163680076599121","-0.4163680076599121","0.9368600249290466","0.9368600249290466","0.9368600249290466","-0.9995999932289124","-0.9995999932289124","-0.9995999932289124"
"42","-0.6530799865722656","-0.6530799865722656","-0.6530799865722656","-0.1130720004439354","-0.1130720004439354","-0.1130720004439354","-0.39702799916267395","-0.39702799916267395","-0.39702799916267395","0.9561880230903625","0.9561880230903625","0.9561880230903625","-0.9995999932289124","-0.9995999932289124","-0.9995999932289124"
"43","-0.6611040234565735","-0.6611040234565735","-0.6611040234565735","-0.11309199780225754","-0.11309199780225754","-0.11309199780225754","-0.3970800042152405","-0.3970800042152405","-0.3970800042152405","0.9563159942626953","0.9563159942626953","0.9563159942626953","-0.9995999932289124","-0.9995999932289124","-0.9995999932289124"
"44","-0.643060028553009","-0.643060028553009","-0.643060028553009","-0.11220400035381317","-0.11220400035381317","-0.11220400035381317","-0.39714398980140686","-0.39714398980140686","-0.39714398980140686","0.955344021320343","0.955344021320343","0.955344021320343","-0.9995999932289124","-0.9995999932289124","-0.9995999932289124"
"45","-0.6455479860305786","-0.6455479860305786","-0.6455479860305786","-0.11187200248241425","-0.11187200248241425","-0.11187200248241425","-0.41668400168418884","-0.41668400168418884","-0.41668400168418884","0.9555280208587646","0.9555280208587646","0.9555280208587646","-0.9995999932289124","-0.9995999932289124","-0.9995999932289124"
"46","-0.6299239993095398","-0.6299239993095398","-0.6299239993095398","-0.11170800030231476","-0.11170800030231476","-0.11170800030231476","-0.4170680046081543","-0.4170680046081543","-0.4170680046081543","0.9567919969558716","0.9567919969558716","0.9567919969558716","-0.9995999932289124","-0.9995999932289124","-0.9995999932289124"
"47","-0.635807991027832","-0.635807991027832","-0.635807991027832","-0.09243199974298477","-0.09243199974298477","-0.09243199974298477","-0.4172160029411316","-0.4172160029411316","-0.4172160029411316","0.9564039707183838","0.9564039707183838","0.9564039707183838","-0.9995999932289124","-0.9995999932289124","-0.9995999932289124"
"48","-0.6226080060005188","-0.6226080060005188","-0.6226080060005188","-0.07287999987602234","-0.07287999987602234","-0.07287999987602234","-0.4366840124130249","-0.4366840124130249","-0.4366840124130249","0.9557520151138306","0.9557520151138306","0.9557520151138306","-0.9995999932289124","-0.9995999932289124","-0.9995999932289124"
"49","-0.6051239967346191","-0.6051239967346191","-0.6051239967346191","-0.07279200106859207","-0.07279200106859207","-0.07279200106859207","-0.4366840124130249","-0.4366840124130249","-0.4366840124130249","0.9560719728469849","0.9560719728469849","0.9560719728469849","-0.9995999932289124","-0.9995999932289124","-0.9995999932289124"
"50","-0.5894280076026917","-0.5894280076026917","-0.5894280076026917","-0.07152800261974335","-0.07152800261974335","-0.07152800261974335","-0.4561440050601959","-0.4561440050601959","-0.4561440050601959","0.9553679823875427","0.9553679823875427","0.9553679823875427","-0.9995999932289124","-0.9995999932289124","-0.9995999932289124"
"51","-0.5857800245285034","-0.5857800245285034","-0.5857800245285034","-0.04481999948620796","-0.04481999948620796","-0.04481999948620796","-0.4632759988307953","-0.4632759988307953","-0.4632759988307953","0.9564399719238281","0.9564399719238281","0.9564399719238281","-0.9995999932289124","-0.9995999932289124","-0.9995999932289124"
"52","-0.566976010799408","-0.566976010799408","-0.566976010799408","-0.04447999969124794","-0.04447999969124794","-0.04447999969124794","-0.4512920081615448","-0.4512920081615448","-0.4512920081615448","0.9567599892616272","0.9567599892616272","0.9567599892616272","-0.9995999932289124","-0.9995999932289124","-0.9995999932289124"
"53","-0.5298320055007935","-0.5298320055007935","-0.5298320055007935","-0.06119599938392639","-0.06119599938392639","-0.06119599938392639","-0.4521639943122864","-0.4521639943122864","-0.4521639943122864","0.9360479712486267","0.9360479712486267","0.9360479712486267","-0.9995999932289124","-0.9995999932289124","-0.9995999932289124"
"54","-0.5285279750823975","-0.5285279750823975","-0.5285279750823975","-0.06016800180077553","-0.06016800180077553","-0.06016800180077553","-0.47282400727272034","-0.47282400727272034","-0.47282400727272034","0.9318199753761292","0.9318199753761292","0.9318199753761292","-0.9995999932289124","-0.9995999932289124","-0.9995999932289124"
"55","-0.5097200274467468","-0.5097200274467468","-0.5097200274467468","-0.0589120015501976","-0.0589120015501976","-0.0589120015501976","-0.4646320044994354","-0.4646320044994354","-0.4646320044994354","0.9518960118293762","0.9518960118293762","0.9518960118293762","-0.9995999932289124","-0.9995999932289124","-0.9995999932289124"
"56","-0.49208399653434753","-0.49208399653434753","-0.49208399653434753","-0.06082800030708313","-0.06082800030708313","-0.06082800030708313","-0.46682798862457275","-0.46682798862457275","-0.46682798862457275","0.9558640122413635","0.9558640122413635","0.9558640122413635","-0.9995999932289124","-0.9995999932289124","-0.9995999932289124"
"57","-0.47357600927352905","-0.47357600927352905","-0.47357600927352905","-0.06047600135207176","-0.06047600135207176","-0.06047600135207176","-0.4477440118789673","-0.4477440118789673","-0.4477440118789673","0.9559239745140076","0.9559239745140076","0.9559239745140076","-0.9804999828338623","-0.9804999828338623","-0.9804999828338623"
"58","-0.45781999826431274","-0.45781999826431274","-0.45781999826431274","-0.06021999940276146","-0.06021999940276146","-0.06021999940276146","-0.4478200078010559","-0.4478200078010559","-0.4478200078010559","0.9492959976196289","0.9492959976196289","0.9492959976196289","-0.9804999828338623","-0.9804999828338623","-0.9804999828338623"
"59","-0.4525359869003296","-0.4525359869003296","-0.4525359869003296","-0.05942799896001816","-0.05942799896001816","-0.05942799896001816","-0.4478200078010559","-0.4478200078010559","-0.4478200078010559","0.9483000040054321","0.9483000040054321","0.9483000040054321","-0.9804999828338623","-0.9804999828338623","-0.9804999828338623"
"60","-0.4381439983844757","-0.4381439983844757","-0.4381439983844757","-0.05936000123620033","-0.05936000123620033","-0.05936000123620033","-0.467303991317749","-0.467303991317749","-0.467303991317749","0.9548640251159668","0.9548640251159668","0.9548640251159668","-0.9804999828338623","-0.9804999828338623","-0.9804999828338623"
"61","-0.43975600600242615","-0.43975600600242615","-0.43975600600242615","-0.05886400118470192","-0.05886400118470192","-0.05886400118470192","-0.46712398529052734","-0.46712398529052734","-0.46712398529052734","0.9160240292549133","0.9160240292549133","0.9160240292549133","-0.9804999828338623","-0.9804999828338623","-0.9804999828338623"
"62","-0.4231320023536682","-0.4231320023536682","-0.4231320023536682","-0.039820000529289246","-0.039820000529289246","-0.039820000529289246","-0.4477840065956116","-0.4477840065956116","-0.4477840065956116","0.8938040137290955","0.8938040137290955","0.8938040137290955","-0.9804999828338623","-0.9804999828338623","-0.9804999828338623"
"63","-0.422868013381958","-0.422868013381958","-0.422868013381958","-0.0394119992852211","-0.0394119992852211","-0.0394119992852211","-0.4512600004673004","-0.4512600004673004","-0.4512600004673004","0.8715999722480774","0.8715999722480774","0.8715999722480774","-0.9804999828338623","-0.9804999828338623","-0.9804999828338623"
"64","-0.4237479865550995","-0.4237479865550995","-0.4237479865550995","-0.0390160009264946","-0.0390160009264946","-0.0390160009264946","-0.4481320083141327","-0.4481320083141327","-0.4481320083141327","0.8489519953727722","0.8489519953727722","0.8489519953727722","-0.9804999828338623","-0.9804999828338623","-0.9804999828338623"
"65","-0.4228839874267578","-0.4228839874267578","-0.4228839874267578","-0.03813999891281128","-0.03813999891281128","-0.03813999891281128","-0.4317600131034851","-0.4317600131034851","-0.4317600131034851","0.9143480062484741","0.9143480062484741","0.9143480062484741","-0.9804999828338623","-0.9804999828338623","-0.9804999828338623"
"66","-0.42289599776268005","-0.42289599776268005","-0.42289599776268005","-0.03774400055408478","-0.03774400055408478","-0.03774400055408478","-0.41449999809265137","-0.41449999809265137","-0.41449999809265137","0.9563279747962952","0.9563279747962952","0.9563279747962952","-0.9804999828338623","-0.9804999828338623","-0.9804999828338623"
"67","-0.42336800694465637","-0.42336800694465637","-0.42336800694465637","-0.037303999066352844","-0.037303999066352844","-0.037303999066352844","-0.41231998801231384","-0.41231998801231384","-0.41231998801231384","0.9562399983406067","0.9562399983406067","0.9562399983406067","-0.9804999828338623","-0.9804999828338623","-0.9804999828338623"
"68","-0.4229080080986023","-0.4229080080986023","-0.4229080080986023","-0.03752800077199936","-0.03752800077199936","-0.03752800077199936","-0.4319800138473511","-0.4319800138473511","-0.4319800138473511","0.9563440084457397","0.9563440084457397","0.9563440084457397","-0.9804999828338623","-0.9804999828338623","-0.9804999828338623"
"69","-0.402895987033844","-0.402895987033844","-0.402895987033844","-0.03670400008559227","-0.03670400008559227","-0.03670400008559227","-0.4319800138473511","-0.4319800138473511","-0.4319800138473511","0.9351599812507629","0.9351599812507629","0.9351599812507629","-0.9804999828338623","-0.9804999828338623","-0.9804999828338623"
"70","-0.40030398964881897","-0.40030398964881897","-0.40030398964881897","-0.03670800104737282","-0.03670800104737282","-0.03670800104737282","-0.4316520094871521","-0.4316520094871521","-0.4316520094871521","0.8960800170898438","0.8960800170898438","0.8960800170898438","-0.9804999828338623","-0.9804999828338623","-0.9804999828338623"
"71","-0.3813520073890686","-0.3813520073890686","-0.3813520073890686","-0.03667600080370903","-0.03667600080370903","-0.03667600080370903","-0.4353959858417511","-0.4353959858417511","-0.4353959858417511","0.8767279982566833","0.8767279982566833","0.8767279982566833","-0.9804999828338623","-0.9804999828338623","-0.9804999828338623"
"72","-0.36180800199508667","-0.36180800199508667","-0.36180800199508667","-0.03596799820661545","-0.03596799820661545","-0.03596799820661545","-0.4551520049571991","-0.4551520049571991","-0.4551520049571991","0.9374279975891113","0.9374279975891113","0.9374279975891113","-0.9619839787483215","-0.9619839787483215","-0.9619839787483215"
"73","-0.3535839915275574","-0.3535839915275574","-0.3535839915275574","-0.03632400184869766","-0.03632400184869766","-0.03632400184869766","-0.455487996339798","-0.455487996339798","-0.455487996339798","0.9369919896125793","0.9369919896125793","0.9369919896125793","-0.9436119794845581","-0.9436119794845581","-0.9436119794845581"
"74","-0.35010001063346863","-0.35010001063346863","-0.35010001063346863","-0.036531999707221985","-0.036531999707221985","-0.036531999707221985","-0.47489601373672485","-0.47489601373672485","-0.47489601373672485","0.9369159936904907","0.9369159936904907","0.9369159936904907","-0.9252399802207947","-0.9252399802207947","-0.9252399802207947"
"75","-0.34825599193573","-0.34825599193573","-0.34825599193573","-0.03400000184774399","-0.03400000184774399","-0.03400000184774399","-0.4761280119419098","-0.4761280119419098","-0.4761280119419098","0.8977439999580383","0.8977439999580383","0.8977439999580383","-0.9252399802207947","-0.9252399802207947","-0.9252399802207947"
"76","-0.31610798835754395","-0.31610798835754395","-0.31610798835754395","-0.03407200053334236","-0.03407200053334236","-0.03407200053334236","-0.47866401076316833","-0.47866401076316833","-0.47866401076316833","0.9180439710617065","0.9180439710617065","0.9180439710617065","-0.9252399802207947","-0.9252399802207947","-0.9252399802207947"
"77","-0.31459200382232666","-0.31459200382232666","-0.31459200382232666","-0.03420799970626831","-0.03420799970626831","-0.03420799970626831","-0.4844039976596832","-0.4844039976596832","-0.4844039976596832","0.8789039850234985","0.8789039850234985","0.8789039850234985","-0.9252399802207947","-0.9252399802207947","-0.9252399802207947"
"78","-0.3320760130882263","-0.3320760130882263","-0.3320760130882263","-0.03229999914765358","-0.03229999914765358","-0.03229999914765358","-0.4845559895038605","-0.4845559895038605","-0.4845559895038605","0.8397759795188904","0.8397759795188904","0.8397759795188904","-0.9056839942932129","-0.9056839942932129","-0.9056839942932129"
"79","-0.32918399572372437","-0.32918399572372437","-0.32918399572372437","-0.03234399855136871","-0.03234399855136871","-0.03234399855136871","-0.4662719964981079","-0.4662719964981079","-0.4662719964981079","0.7810999751091003","0.7810999751091003","0.7810999751091003","-0.8870120048522949","-0.8870120048522949","-0.8870120048522949"
"80","-0.31001999974250793","-0.31001999974250793","-0.31001999974250793","-0.032416000962257385","-0.032416000962257385","-0.032416000962257385","-0.4662719964981079","-0.4662719964981079","-0.4662719964981079","0.7419840097427368","0.7419840097427368","0.7419840097427368","-0.8389999866485596","-0.8389999866485596","-0.8389999866485596"
"81","-0.3096199929714203","-0.3096199929714203","-0.3096199929714203","-0.05181200057268143","-0.05181200057268143","-0.05181200057268143","-0.4470039904117584","-0.4470039904117584","-0.4470039904117584","0.6832640171051025","0.6832640171051025","0.6832640171051025","-0.8389999866485596","-0.8389999866485596","-0.8389999866485596"
"82","-0.3282879889011383","-0.3282879889011383","-0.3282879889011383","-0.05180399864912033","-0.05180399864912033","-0.05180399864912033","-0.4348999857902527","-0.4348999857902527","-0.4348999857902527","0.6590440273284912","0.6590440273284912","0.6590440273284912","-0.8021960258483887","-0.8021960258483887","-0.8021960258483887"
"83","-0.34718000888824463","-0.34718000888824463","-0.34718000888824463","-0.05350400134921074","-0.05350400134921074","-0.05350400134921074","-0.43397200107574463","-0.43397200107574463","-0.43397200107574463","0.6198999881744385","0.6198999881744385","0.6198999881744385","-0.8021960258483887","-0.8021960258483887","-0.8021960258483887"
"84","-0.36479198932647705","-0.36479198932647705","-0.36479198932647705","-0.05257600173354149","-0.05257600173354149","-0.05257600173354149","-0.43327200412750244","-0.43327200412750244","-0.43327200412750244","0.5611799955368042","0.5611799955368042","0.5611799955368042","-0.7832040190696716","-0.7832040190696716","-0.7832040190696716"
"85","-0.3650040030479431","-0.3650040030479431","-0.3650040030479431","-0.053328000009059906","-0.053328000009059906","-0.053328000009059906","-0.45125600695610046","-0.45125600695610046","-0.45125600695610046","0.5341920256614685","0.5341920256614685","0.5341920256614685","-0.7640399932861328","-0.7640399932861328","-0.7640399932861328"
"86","-0.37045198678970337","-0.37045198678970337","-0.37045198678970337","-0.05392000079154968","-0.05392000079154968","-0.05392000079154968","-0.45125600695610046","-0.45125600695610046","-0.45125600695610046","0.47547200322151184","0.47547200322151184","0.47547200322151184","-0.7303199768066406","-0.7303199768066406","-0.7303199768066406"
"87","-0.37045198678970337","-0.37045198678970337","-0.37045198678970337","-0.05423999950289726","-0.05423999950289726","-0.05423999950289726","-0.44981199502944946","-0.44981199502944946","-0.44981199502944946","0.431412011384964","0.431412011384964","0.431412011384964","-0.710860013961792","-0.710860013961792","-0.710860013961792"
"88","-0.3676759898662567","-0.3676759898662567","-0.3676759898662567","-0.05470399931073189","-0.05470399931073189","-0.05470399931073189","-0.4690200090408325","-0.4690200090408325","-0.4690200090408325","0.3897719979286194","0.3897719979286194","0.3897719979286194","-0.710860013961792","-0.710860013961792","-0.710860013961792"
"89","-0.3632879853248596","-0.3632879853248596","-0.3632879853248596","-0.05486400052905083","-0.05486400052905083","-0.05486400052905083","-0.4883120059967041","-0.4883120059967041","-0.4883120059967041","0.34474000334739685","0.34474000334739685","0.34474000334739685","-0.5595679879188538","-0.5595679879188538","-0.5595679879188538"
"90","-0.345988005399704","-0.345988005399704","-0.345988005399704","-0.05339999869465828","-0.05339999869465828","-0.05339999869465828","-0.4897800087928772","-0.4897800087928772","-0.4897800087928772","0.3237519860267639","0.3237519860267639","0.3237519860267639","-0.5613120198249817","-0.5613120198249817","-0.5613120198249817"
"91","-0.345988005399704","-0.345988005399704","-0.345988005399704","-0.07236400246620178","-0.07236400246620178","-0.07236400246620178","-0.49052000045776367","-0.49052000045776367","-0.49052000045776367","0.28339600563049316","0.28339600563049316","0.28339600563049316","-0.5613120198249817","-0.5613120198249817","-0.5613120198249817"
"92","-0.36221998929977417","-0.36221998929977417","-0.36221998929977417","-0.07239600270986557","-0.07239600270986557","-0.07239600270986557","-0.5099239945411682","-0.5099239945411682","-0.5099239945411682","0.23680000007152557","0.23680000007152557","0.23680000007152557","-0.5062599778175354","-0.5062599778175354","-0.5062599778175354"
"93","-0.36221998929977417","-0.36221998929977417","-0.36221998929977417","-0.0607680007815361","-0.0607680007815361","-0.0607680007815361","-0.5293359756469727","-0.5293359756469727","-0.5293359756469727","0.20727600157260895","0.20727600157260895","0.20727600157260895","-0.5062599778175354","-0.5062599778175354","-0.5062599778175354"
"94","-0.36096400022506714","-0.36096400022506714","-0.36096400022506714","-0.06063200160861015","-0.06063200160861015","-0.06063200160861015","-0.5142800211906433","-0.5142800211906433","-0.5142800211906433","0.16051200032234192","0.16051200032234192","0.16051200032234192","-0.4875119924545288","-0.4875119924545288","-0.4875119924545288"
"95","-0.3785960078239441","-0.3785960078239441","-0.3785960078239441","-0.05964399874210358","-0.05964399874210358","-0.05964399874210358","-0.5143839716911316","-0.5143839716911316","-0.5143839716911316","0.13203999400138855","0.13203999400138855","0.13203999400138855","-0.4551360011100769","-0.4551360011100769","-0.4551360011100769"
"96","-0.3785960078239441","-0.3785960078239441","-0.3785960078239441","-0.06323999911546707","-0.06323999911546707","-0.06323999911546707","-0.5267559885978699","-0.5267559885978699","-0.5267559885978699","0.10140000283718109","0.10140000283718109","0.10140000283718109","-0.3835639953613281","-0.3835639953613281","-0.3835639953613281"
"97","-0.377703994512558","-0.377703994512558","-0.377703994512558","-0.06239200010895729","-0.06239200010895729","-0.06239200010895729","-0.5238479971885681","-0.5238479971885681","-0.5238479971885681","0.20503999292850494","0.20503999292850494","0.20503999292850494","-0.3735080063343048","-0.3735080063343048","-0.3735080063343048"
"98","-0.39542800188064575","-0.39542800188064575","-0.39542800188064575","-0.06176000088453293","-0.06176000088453293","-0.06176000088453293","-0.5218480229377747","-0.5218480229377747","-0.5218480229377747","0.30081599950790405","0.30081599950790405","0.30081599950790405","-0.3377920091152191","-0.3377920091152191","-0.3377920091152191"
"99","-0.41050800681114197","-0.41050800681114197","-0.41050800681114197","-0.061827998608350754","-0.061827998608350754","-0.061827998608350754","-0.5023959875106812","-0.5023959875106812","-0.5023959875106812","0.6042559742927551","0.6042559742927551","0.6042559742927551","-0.2475080043077469","-0.2475080043077469","-0.2475080043077469"
"100","-0.3901880085468292","-0.3901880085468292","-0.3901880085468292","-0.061719998717308044","-0.061719998717308044","-0.061719998717308044","-0.5019479990005493","-0.5019479990005493","-0.5019479990005493","0.8409559726715088","0.8409559726715088","0.8409559726715088","-0.24685199558734894","-0.24685199558734894","-0.24685199558734894"
"101","-0.39518800377845764","-0.39518800377845764","-0.39518800377845764","-0.061420001089572906","-0.061420001089572906","-0.061420001089572906","-0.48281198740005493","-0.48281198740005493","-0.48281198740005493","0.872107982635498","0.872107982635498","0.872107982635498","-0.21009600162506104","-0.21009600162506104","-0.21009600162506104"
"102","-0.39493998885154724","-0.39493998885154724","-0.39493998885154724","-0.06108799949288368","-0.06108799949288368","-0.06108799949288368","-0.5010600090026855","-0.5010600090026855","-0.5010600090026855","0.8998799920082092","0.8998799920082092","0.8998799920082092","-0.1423480063676834","-0.1423480063676834","-0.1423480063676834"
"103","-0.4009320139884949","-0.4009320139884949","-0.4009320139884949","-0.0614439994096756","-0.0614439994096756","-0.0614439994096756","-0.5017600059509277","-0.5017600059509277","-0.5017600059509277","0.8891720175743103","0.8891720175743103","0.8891720175743103","-0.050067998468875885","-0.050067998468875885","-0.050067998468875885"
"104","-0.40058401226997375","-0.40058401226997375","-0.40058401226997375","-0.04229599982500076","-0.04229599982500076","-0.04229599982500076","-0.5015919804573059","-0.5015919804573059","-0.5015919804573059","0.8897920250892639","0.8897920250892639","0.8897920250892639","0.048739999532699585","0.048739999532699585","0.048739999532699585"
"105","-0.40058401226997375","-0.40058401226997375","-0.40058401226997375","-0.04205600172281265","-0.04205600172281265","-0.04205600172281265","-0.4823319911956787","-0.4823319911956787","-0.4823319911956787","0.9086719751358032","0.9086719751358032","0.9086719751358032","0.24611599743366241","0.24611599743366241","0.24611599743366241"
"106","-0.4162200093269348","-0.4162200093269348","-0.4162200093269348","-0.0418040007352829","-0.0418040007352829","-0.0418040007352829","-0.4653240144252777","-0.4653240144252777","-0.4653240144252777","0.8859879970550537","0.8859879970550537","0.8859879970550537","0.5515559911727905","0.5515559911727905","0.5515559911727905"
"107","-0.4255799949169159","-0.4255799949169159","-0.4255799949169159","-0.041627999395132065","-0.041627999395132065","-0.041627999395132065","-0.46349599957466125","-0.46349599957466125","-0.46349599957466125","0.88919597864151","0.88919597864151","0.88919597864151","0.7866320013999939","0.7866320013999939","0.7866320013999939"
"108","-0.40622401237487793","-0.40622401237487793","-0.40622401237487793","-0.04124800115823746","-0.04124800115823746","-0.04124800115823746","-0.4578559994697571","-0.4578559994697571","-0.4578559994697571","0.8914600014686584","0.8914600014686584","0.8914600014686584","0.9122999906539917","0.9122999906539917","0.9122999906539917"
"109","-0.4044319987297058","-0.4044319987297058","-0.4044319987297058","-0.04129600152373314","-0.04129600152373314","-0.04129600152373314","-0.4769720137119293","-0.4769720137119293","-0.4769720137119293","0.8726080060005188","0.8726080060005188","0.8726080060005188","0.9348679780960083","0.9348679780960083","0.9348679780960083"
"110","-0.4202759861946106","-0.4202759861946106","-0.4202759861946106","-0.04108799993991852","-0.04108799993991852","-0.04108799993991852","-0.4769720137119293","-0.4769720137119293","-0.4769720137119293","0.8763279914855957","0.8763279914855957","0.8763279914855957","0.9131280183792114","0.9131280183792114","0.9131280183792114"
"111","-0.4193120002746582","-0.4193120002746582","-0.4193120002746582","-0.042844001203775406","-0.042844001203775406","-0.042844001203775406","-0.46468400955200195","-0.46468400955200195","-0.46468400955200195","0.8781200051307678","0.8781200051307678","0.8781200051307678","0.8951560258865356","0.8951560258865356","0.8951560258865356"
"112","-0.36239200830459595","-0.36239200830459595","-0.36239200830459595","-0.04305199906229973","-0.04305199906229973","-0.04305199906229973","-0.48395198583602905","-0.48395198583602905","-0.48395198583602905","0.8753359913825989","0.8753359913825989","0.8753359913825989","0.89792799949646","0.89792799949646","0.89792799949646"
"113","-0.32440799474716187","-0.32440799474716187","-0.32440799474716187","-0.023903999477624893","-0.023903999477624893","-0.023903999477624893","-0.5029799938201904","-0.5029799938201904","-0.5029799938201904","0.9291399717330933","0.9291399717330933","0.9291399717330933","0.8588359951972961","0.8588359951972961","0.8588359951972961"
"114","-0.31630000472068787","-0.31630000472068787","-0.31630000472068787","-0.023824000731110573","-0.023824000731110573","-0.023824000731110573","-0.5086359977722168","-0.5086359977722168","-0.5086359977722168","0.9311479926109314","0.9311479926109314","0.9311479926109314","0.8190799951553345","0.8190799951553345","0.8190799951553345"
"115","-0.29605600237846375","-0.29605600237846375","-0.29605600237846375","-0.0348999984562397","-0.0348999984562397","-0.0348999984562397","-0.5279120206832886","-0.5279120206832886","-0.5279120206832886","0.9401879906654358","0.9401879906654358","0.9401879906654358","0.7788800001144409","0.7788800001144409","0.7788800001144409"
"116","-0.3128400146961212","-0.3128400146961212","-0.3128400146961212","-0.03505599871277809","-0.03505599871277809","-0.03505599871277809","-0.530888020992279","-0.530888020992279","-0.530888020992279","0.9348599910736084","0.9348599910736084","0.9348599910736084","0.7454079985618591","0.7454079985618591","0.7454079985618591"
"117","-0.31274399161338806","-0.31274399161338806","-0.31274399161338806","-0.031408000737428665","-0.031408000737428665","-0.031408000737428665","-0.530888020992279","-0.530888020992279","-0.530888020992279","0.9331880211830139","0.9331880211830139","0.9331880211830139","0.7407240271568298","0.7407240271568298","0.7407240271568298"
"118","-0.29078400135040283","-0.29078400135040283","-0.29078400135040283","-0.03162800148129463","-0.03162800148129463","-0.03162800148129463","-0.5502279996871948","-0.5502279996871948","-0.5502279996871948","0.9361680150032043","0.9361680150032043","0.9361680150032043","0.7402080297470093","0.7402080297470093","0.7402080297470093"
"119","-0.2538760006427765","-0.2538760006427765","-0.2538760006427765","-0.03170400112867355","-0.03170400112867355","-0.03170400112867355","-0.5319240093231201","-0.5319240093231201","-0.5319240093231201","0.9422479867935181","0.9422479867935181","0.9422479867935181","0.6978560090065002","0.6978560090065002","0.6978560090065002"
"120","-0.20781199634075165","-0.20781199634075165","-0.20781199634075165","-0.031939998269081116","-0.031939998269081116","-0.031939998269081116","-0.5506399869918823","-0.5506399869918823","-0.5506399869918823","0.9225000143051147","0.9225000143051147","0.9225000143051147","0.6582599878311157","0.6582599878311157","0.6582599878311157"
"121","-0.15203599631786346","-0.15203599631786346","-0.15203599631786346","-0.03205600008368492","-0.03205600008368492","-0.03205600008368492","-0.5506399869918823","-0.5506399869918823","-0.5506399869918823","0.898747980594635","0.898747980594635","0.898747980594635","0.7562320232391357","0.7562320232391357","0.7562320232391357"
"122","-0.15187999606132507","-0.15187999606132507","-0.15187999606132507","-0.03223999962210655","-0.03223999962210655","-0.03223999962210655","-0.5364919900894165","-0.5364919900894165","-0.5364919900894165","0.8997359871864319","0.8997359871864319","0.8997359871864319","0.8410320281982422","0.8410320281982422","0.8410320281982422"
"123","-0.11336799710988998","-0.11336799710988998","-0.11336799710988998","-0.03402800112962723","-0.03402800112962723","-0.03402800112962723","-0.5418000221252441","-0.5418000221252441","-0.5418000221252441","0.9371600151062012","0.9371600151062012","0.9371600151062012","0.8210840225219727","0.8210840225219727","0.8210840225219727"
"124","-0.09832800179719925","-0.09832800179719925","-0.09832800179719925","-0.03405199944972992","-0.03405199944972992","-0.03405199944972992","-0.5604640245437622","-0.5604640245437622","-0.5604640245437622","0.9356080293655396","0.9356080293655396","0.9356080293655396","0.916923999786377","0.916923999786377","0.916923999786377"
"125","-0.09262800216674805","-0.09262800216674805","-0.09262800216674805","-0.034008000046014786","-0.034008000046014786","-0.034008000046014786","-0.5604640245437622","-0.5604640245437622","-0.5604640245437622","0.9329879879951477","0.9329879879951477","0.9329879879951477","0.9365079998970032","0.9365079998970032","0.9365079998970032"
"126","-0.08581600338220596","-0.08581600338220596","-0.08581600338220596","-0.033608000725507736","-0.033608000725507736","-0.033608000725507736","-0.5604640245437622","-0.5604640245437622","-0.5604640245437622","0.9402999877929688","0.9402999877929688","0.9402999877929688","0.9442359805107117","0.9442359805107117","0.9442359805107117"
"127","-0.08508399873971939","-0.08508399873971939","-0.08508399873971939","-0.03386000171303749","-0.03386000171303749","-0.03386000171303749","-0.5756480097770691","-0.5756480097770691","-0.5756480097770691","0.9415000081062317","0.9415000081062317","0.9415000081062317","0.9241719841957092","0.9241719841957092","0.9241719841957092"
"128","-0.05835999920964241","-0.05835999920964241","-0.05835999920964241","-0.034963998943567276","-0.034963998943567276","-0.034963998943567276","-0.5948079824447632","-0.5948079824447632","-0.5948079824447632","0.9221760034561157","0.9221760034561157","0.9221760034561157","0.898311972618103","0.898311972618103","0.898311972618103"
"129","-0.05829999968409538","-0.05829999968409538","-0.05829999968409538","-0.03525200113654137","-0.03525200113654137","-0.03525200113654137","-0.597927987575531","-0.597927987575531","-0.597927987575531","0.9222959876060486","0.9222959876060486","0.9222959876060486","0.8938279747962952","0.8938279747962952","0.8938279747962952"
"130","-0.04687200114130974","-0.04687200114130974","-0.04687200114130974","-0.054708000272512436","-0.054708000272512436","-0.054708000272512436","-0.6171159744262695","-0.6171159744262695","-0.6171159744262695","0.9211879968643188","0.9211879968643188","0.9211879968643188","0.9354479908943176","0.9354479908943176","0.9354479908943176"
"131","-0.030212000012397766","-0.030212000012397766","-0.030212000012397766","-0.07413999736309052","-0.07413999736309052","-0.07413999736309052","-0.6363959908485413","-0.6363959908485413","-0.6363959908485413","0.941536009311676","0.941536009311676","0.941536009311676","0.939195990562439","0.939195990562439","0.939195990562439"
"132","0.0028359999414533377","0.0028359999414533377","0.0028359999414533377","-0.07873599976301193","-0.07873599976301193","-0.07873599976301193","-0.6363959908485413","-0.6363959908485413","-0.6363959908485413","0.9451559782028198","0.9451559782028198","0.9451559782028198","0.940608024597168","0.940608024597168","0.940608024597168"
"133","-0.002308000111952424","-0.002308000111952424","-0.002308000111952424","-0.07846000045537949","-0.07846000045537949","-0.07846000045537949","-0.6560479998588562","-0.6560479998588562","-0.6560479998588562","0.9429119825363159","0.9429119825363159","0.9429119825363159","0.9506840109825134","0.9506840109825134","0.9506840109825134"
"134","-0.0019600000232458115","-0.0019600000232458115","-0.0019600000232458115","-0.07661599665880203","-0.07661599665880203","-0.07661599665880203","-0.6564720273017883","-0.6564720273017883","-0.6564720273017883","0.9423760175704956","0.9423760175704956","0.9423760175704956","0.951632022857666","0.951632022857666","0.951632022857666"
"135","-0.005671999882906675","-0.005671999882906675","-0.005671999882906675","-0.06242400035262108","-0.06242400035262108","-0.06242400035262108","-0.6567599773406982","-0.6567599773406982","-0.6567599773406982","0.9420440196990967","0.9420440196990967","0.9420440196990967","0.912339985370636","0.912339985370636","0.912339985370636"
"136","-0.023547999560832977","-0.023547999560832977","-0.023547999560832977","-0.062063999474048615","-0.062063999474048615","-0.062063999474048615","-0.6596840023994446","-0.6596840023994446","-0.6596840023994446","0.9402400255203247","0.9402400255203247","0.9402400255203247","0.8732720017433167","0.8732720017433167","0.8732720017433167"
"137","-0.02964800037443638","-0.02964800037443638","-0.02964800037443638","-0.06177600100636482","-0.06177600100636482","-0.06177600100636482","-0.6569120287895203","-0.6569120287895203","-0.6569120287895203","0.9007319808006287","0.9007319808006287","0.9007319808006287","0.8144639730453491","0.8144639730453491","0.8144639730453491"
"138","-0.012536000460386276","-0.012536000460386276","-0.012536000460386276","-0.06159200146794319","-0.06159200146794319","-0.06159200146794319","-0.6751959919929504","-0.6751959919929504","-0.6751959919929504","0.9010080099105835","0.9010080099105835","0.9010080099105835","0.7753880023956299","0.7753880023956299","0.7753880023956299"
"139","-0.012791999615728855","-0.012791999615728855","-0.012791999615728855","-0.06102399900555611","-0.06102399900555611","-0.06102399900555611","-0.6759719848632812","-0.6759719848632812","-0.6759719848632812","0.9251160025596619","0.9251160025596619","0.9251160025596619","0.7366120219230652","0.7366120219230652","0.7366120219230652"
"140","0.0012959999730810523","0.0012959999730810523","0.0012959999730810523","-0.06225999817252159","-0.06225999817252159","-0.06225999817252159","-0.659883975982666","-0.659883975982666","-0.659883975982666","0.9405440092086792","0.9405440092086792","0.9405440092086792","0.693123996257782","0.693123996257782","0.693123996257782"
"141","-0.0018319999799132347","-0.0018319999799132347","-0.0018319999799132347","-0.06471200287342072","-0.06471200287342072","-0.06471200287342072","-0.6598479747772217","-0.6598479747772217","-0.6598479747772217","0.9387800097465515","0.9387800097465515","0.9387800097465515","0.6535239815711975","0.6535239815711975","0.6535239815711975"
"142","-0.013803999871015549","-0.013803999871015549","-0.013803999871015549","-0.08415599912405014","-0.08415599912405014","-0.08415599912405014","-0.6572800278663635","-0.6572800278663635","-0.6572800278663635","0.9340879917144775","0.9340879917144775","0.9340879917144775","0.5946320295333862","0.5946320295333862","0.5946320295333862"
"143","-0.030215999111533165","-0.030215999111533165","-0.030215999111533165","-0.08523999899625778","-0.08523999899625778","-0.08523999899625778","-0.6759560108184814","-0.6759560108184814","-0.6759560108184814","0.916916012763977","0.916916012763977","0.916916012763977","0.5546680092811584","0.5546680092811584","0.5546680092811584"
"144","-0.047120001167058945","-0.047120001167058945","-0.047120001167058945","-0.08832000195980072","-0.08832000195980072","-0.08832000195980072","-0.6761680245399475","-0.6761680245399475","-0.6761680245399475","0.9174839854240417","0.9174839854240417","0.9174839854240417","0.5322800278663635","0.5322800278663635","0.5322800278663635"
"145","-0.02895599976181984","-0.02895599976181984","-0.02895599976181984","-0.10820399969816208","-0.10820399969816208","-0.10820399969816208","-0.6753960251808167","-0.6753960251808167","-0.6753960251808167","0.9013360142707825","0.9013360142707825","0.9013360142707825","0.5122039914131165","0.5122039914131165","0.5122039914131165"
"146","-0.03720000013709068","-0.03720000013709068","-0.03720000013709068","-0.1276399940252304","-0.1276399940252304","-0.1276399940252304","-0.6685640215873718","-0.6685640215873718","-0.6685640215873718","0.9221479892730713","0.9221479892730713","0.9221479892730713","0.6692919731140137","0.6692919731140137","0.6692919731140137"
"147","-0.03948799893260002","-0.03948799893260002","-0.03948799893260002","-0.12650799751281738","-0.12650799751281738","-0.12650799751281738","-0.6496679782867432","-0.6496679782867432","-0.6496679782867432","0.9242759943008423","0.9242759943008423","0.9242759943008423","0.8909559845924377","0.8909559845924377","0.8909559845924377"
"148","-0.03951599821448326","-0.03951599821448326","-0.03951599821448326","-0.1488640010356903","-0.1488640010356903","-0.1488640010356903","-0.6625159978866577","-0.6625159978866577","-0.6625159978866577","0.9449480175971985","0.9449480175971985","0.9449480175971985","0.8706560134887695","0.8706560134887695","0.8706560134887695"
"149","-0.0218959990888834","-0.0218959990888834","-0.0218959990888834","-0.14931200444698334","-0.14931200444698334","-0.14931200444698334","-0.6433240175247192","-0.6433240175247192","-0.6433240175247192","0.944208025932312","0.944208025932312","0.944208025932312","0.8468800187110901","0.8468800187110901","0.8468800187110901"
"150","-0.022196000441908836","-0.022196000441908836","-0.022196000441908836","-0.15686799585819244","-0.15686799585819244","-0.15686799585819244","-0.6406760215759277","-0.6406760215759277","-0.6406760215759277","0.9408479928970337","0.9408479928970337","0.9408479928970337","0.8746560215950012","0.8746560215950012","0.8746560215950012"
"151","-0.022099999710917473","-0.022099999710917473","-0.022099999710917473","-0.15674400329589844","-0.15674400329589844","-0.15674400329589844","-0.6406760215759277","-0.6406760215759277","-0.6406760215759277","0.9218479990959167","0.9218479990959167","0.9218479990959167","0.8335000276565552","0.8335000276565552","0.8335000276565552"
"152","0.01093200035393238","0.01093200035393238","0.01093200035393238","-0.1608079969882965","-0.1608079969882965","-0.1608079969882965","-0.6406760215759277","-0.6406760215759277","-0.6406760215759277","0.9229239821434021","0.9229239821434021","0.9229239821434021","0.8070679903030396","0.8070679903030396","0.8070679903030396"
"153","-0.00036800000816583633","-0.00036800000816583633","-0.00036800000816583633","-0.1608400046825409","-0.1608400046825409","-0.1608400046825409","-0.6406760215759277","-0.6406760215759277","-0.6406760215759277","0.9453840255737305","0.9453840255737305","0.9453840255737305","0.7795040011405945","0.7795040011405945","0.7795040011405945"
"154","-0.016408000141382217","-0.016408000141382217","-0.016408000141382217","-0.16006000339984894","-0.16006000339984894","-0.16006000339984894","-0.6406599879264832","-0.6406599879264832","-0.6406599879264832","0.944819986820221","0.944819986820221","0.944819986820221","0.8446000218391418","0.8446000218391418","0.8446000218391418"
"155","-0.02632799930870533","-0.02632799930870533","-0.02632799930870533","-0.12077199667692184","-0.12077199667692184","-0.12077199667692184","-0.6213120222091675","-0.6213120222091675","-0.6213120222091675","0.9449800252914429","0.9449800252914429","0.9449800252914429","0.817296028137207","0.817296028137207","0.817296028137207"
"156","-0.026343999430537224","-0.026343999430537224","-0.026343999430537224","-0.11576399952173233","-0.11576399952173233","-0.11576399952173233","-0.6287440061569214","-0.6287440061569214","-0.6287440061569214","0.9435120224952698","0.9435120224952698","0.9435120224952698","0.7746239900588989","0.7746239900588989","0.7746239900588989"
"157","-0.02834399975836277","-0.02834399975836277","-0.02834399975836277","-0.11554399877786636","-0.11554399877786636","-0.11554399877786636","-0.6096320152282715","-0.6096320152282715","-0.6096320152282715","0.9426519870758057","0.9426519870758057","0.9426519870758057","0.8481879830360413","0.8481879830360413","0.8481879830360413"
"158","-0.04464399814605713","-0.04464399814605713","-0.04464399814605713","-0.115447998046875","-0.115447998046875","-0.115447998046875","-0.5904160141944885","-0.5904160141944885","-0.5904160141944885","0.9410439729690552","0.9410439729690552","0.9410439729690552","0.8654199838638306","0.8654199838638306","0.8654199838638306"
"159","-0.03859600052237511","-0.03859600052237511","-0.03859600052237511","-0.13653600215911865","-0.13653600215911865","-0.13653600215911865","-0.5527359843254089","-0.5527359843254089","-0.5527359843254089","0.9183040261268616","0.9183040261268616","0.9183040261268616","0.8448079824447632","0.8448079824447632","0.8448079824447632"
"160","-0.02236800082027912","-0.02236800082027912","-0.02236800082027912","-0.15808400511741638","-0.15808400511741638","-0.15808400511741638","-0.5334960222244263","-0.5334960222244263","-0.5334960222244263","0.8910959959030151","0.8910959959030151","0.8910959959030151","0.8995640277862549","0.8995640277862549","0.8995640277862549"
"161","-0.043804001063108444","-0.043804001063108444","-0.043804001063108444","-0.1585880070924759","-0.1585880070924759","-0.1585880070924759","-0.5303000211715698","-0.5303000211715698","-0.5303000211715698","0.8709080219268799","0.8709080219268799","0.8709080219268799","0.92985600233078","0.92985600233078","0.92985600233078"
"162","-0.043528001755476","-0.043528001755476","-0.043528001755476","-0.16167999804019928","-0.16167999804019928","-0.16167999804019928","-0.5109879970550537","-0.5109879970550537","-0.5109879970550537","0.8722959756851196","0.8722959756851196","0.8722959756851196","0.9510400295257568","0.9510400295257568","0.9510400295257568"
"163","-0.05719999969005585","-0.05719999969005585","-0.05719999969005585","-0.16657599806785583","-0.16657599806785583","-0.16657599806785583","-0.4920400083065033","-0.4920400083065033","-0.4920400083065033","0.9398679733276367","0.9398679733276367","0.9398679733276367","0.9535160064697266","0.9535160064697266","0.9535160064697266"
"164","-0.0731000006198883","-0.0731000006198883","-0.0731000006198883","-0.1676120012998581","-0.1676120012998581","-0.1676120012998581","-0.47252801060676575","-0.47252801060676575","-0.47252801060676575","0.9383080005645752","0.9383080005645752","0.9383080005645752","0.932424008846283","0.932424008846283","0.932424008846283"
"165","-0.07530000060796738","-0.07530000060796738","-0.07530000060796738","-0.1867319941520691","-0.1867319941520691","-0.1867319941520691","-0.4723159968852997","-0.4723159968852997","-0.4723159968852997","0.9149280190467834","0.9149280190467834","0.9149280190467834","0.9118639826774597","0.9118639826774597","0.9118639826774597"
"166","-0.05660799890756607","-0.05660799890756607","-0.05660799890756607","-0.1884240061044693","-0.1884240061044693","-0.1884240061044693","-0.49111199378967285","-0.49111199378967285","-0.49111199378967285","0.9148679971694946","0.9148679971694946","0.9148679971694946","0.9329280257225037","0.9329280257225037","0.9329280257225037"
"167","-0.037356000393629074","-0.037356000393629074","-0.037356000393629074","-0.17007200419902802","-0.17007200419902802","-0.17007200419902802","-0.48921999335289","-0.48921999335289","-0.48921999335289","0.9356639981269836","0.9356639981269836","0.9356639981269836","0.8944720029830933","0.8944720029830933","0.8944720029830933"
"168","-0.05584400147199631","-0.05584400147199631","-0.05584400147199631","-0.16925999522209167","-0.16925999522209167","-0.16925999522209167","-0.5084360241889954","-0.5084360241889954","-0.5084360241889954","0.9405040144920349","0.9405040144920349","0.9405040144920349","0.9146280288696289","0.9146280288696289","0.9146280288696289"
"169","-0.06665199995040894","-0.06665199995040894","-0.06665199995040894","-0.1661520004272461","-0.1661520004272461","-0.1661520004272461","-0.5084360241889954","-0.5084360241889954","-0.5084360241889954","0.9319040179252625","0.9319040179252625","0.9319040179252625","0.9011279940605164","0.9011279940605164","0.9011279940605164"
"170","-0.059939999133348465","-0.059939999133348465","-0.059939999133348465","-0.12665200233459473","-0.12665200233459473","-0.12665200233459473","-0.5119879841804504","-0.5119879841804504","-0.5119879841804504","0.9183279871940613","0.9183279871940613","0.9183279871940613","0.9383599758148193","0.9383599758148193","0.9383599758148193"
"171","-0.06006399914622307","-0.06006399914622307","-0.06006399914622307","-0.12591999769210815","-0.12591999769210815","-0.12591999769210815","-0.5148599743843079","-0.5148599743843079","-0.5148599743843079","0.9177799820899963","0.9177799820899963","0.9177799820899963","0.9378399848937988","0.9378399848937988","0.9378399848937988"
"172","-0.07773999869823456","-0.07773999869823456","-0.07773999869823456","-0.10337600111961365","-0.10337600111961365","-0.10337600111961365","-0.49553999304771423","-0.49553999304771423","-0.49553999304771423","0.9311519861221313","0.9311519861221313","0.9311519861221313","0.9240919947624207","0.9240919947624207","0.9240919947624207"
"173","-0.07750800251960754","-0.07750800251960754","-0.07750800251960754","-0.09507600218057632","-0.09507600218057632","-0.09507600218057632","-0.49549201130867004","-0.49549201130867004","-0.49549201130867004","0.9349520206451416","0.9349520206451416","0.9349520206451416","0.9246079921722412","0.9246079921722412","0.9246079921722412"
"174","-0.09609600156545639","-0.09609600156545639","-0.09609600156545639","-0.09520000219345093","-0.09520000219345093","-0.09520000219345093","-0.49879199266433716","-0.49879199266433716","-0.49879199266433716","0.937608003616333","0.937608003616333","0.937608003616333","0.951740026473999","0.951740026473999","0.951740026473999"
"175","-0.11333200335502625","-0.11333200335502625","-0.11333200335502625","-0.08826400339603424","-0.08826400339603424","-0.08826400339603424","-0.4793800115585327","-0.4793800115585327","-0.4793800115585327","0.9401919841766357","0.9401919841766357","0.9401919841766357","0.9339879751205444","0.9339879751205444","0.9339879751205444"
"176","-0.12894000113010406","-0.12894000113010406","-0.12894000113010406","-0.1077359989285469","-0.1077359989285469","-0.1077359989285469","-0.49791601300239563","-0.49791601300239563","-0.49791601300239563","0.9263719916343689","0.9263719916343689","0.9263719916343689","0.9318079948425293","0.9318079948425293","0.9318079948425293"
"177","-0.11862800270318985","-0.11862800270318985","-0.11862800270318985","-0.12727999687194824","-0.12727999687194824","-0.12727999687194824","-0.49786800146102905","-0.49786800146102905","-0.49786800146102905","0.9273679852485657","0.9273679852485657","0.9273679852485657","0.9517719745635986","0.9517719745635986","0.9517719745635986"
"178","-0.13658000528812408","-0.13658000528812408","-0.13658000528812408","-0.13364000618457794","-0.13364000618457794","-0.13364000618457794","-0.5167639851570129","-0.5167639851570129","-0.5167639851570129","0.9468240141868591","0.9468240141868591","0.9468240141868591","0.9323520064353943","0.9323520064353943","0.9323520064353943"
"179","-0.13661199808120728","-0.13661199808120728","-0.13661199808120728","-0.15479199588298798","-0.15479199588298798","-0.15479199588298798","-0.4981119930744171","-0.4981119930744171","-0.4981119930744171","0.9463679790496826","0.9463679790496826","0.9463679790496826","0.9352719783782959","0.9352719783782959","0.9352719783782959"
"180","-0.1186240017414093","-0.1186240017414093","-0.1186240017414093","-0.17480799555778503","-0.17480799555778503","-0.17480799555778503","-0.498088002204895","-0.498088002204895","-0.498088002204895","0.9361760020256042","0.9361760020256042","0.9361760020256042","0.9562919735908508","0.9562919735908508","0.9562919735908508"
"181","-0.11664800345897675","-0.11664800345897675","-0.11664800345897675","-0.17748400568962097","-0.17748400568962097","-0.17748400568962097","-0.47859200835227966","-0.47859200835227966","-0.47859200835227966","0.9366599917411804","0.9366599917411804","0.9366599917411804","0.9171800017356873","0.9171800017356873","0.9171800017356873"
"182","-0.11525599658489227","-0.11525599658489227","-0.11525599658489227","-0.18003599345684052","-0.18003599345684052","-0.18003599345684052","-0.45974001288414","-0.45974001288414","-0.45974001288414","0.9471920132637024","0.9471920132637024","0.9471920132637024","0.8879560232162476","0.8879560232162476","0.8879560232162476"
"183","-0.10436400026082993","-0.10436400026082993","-0.10436400026082993","-0.18531599640846252","-0.18531599640846252","-0.18531599640846252","-0.4405440092086792","-0.4405440092086792","-0.4405440092086792","0.9475679993629456","0.9475679993629456","0.9475679993629456","0.8292480111122131","0.8292480111122131","0.8292480111122131"
"184","-0.10140000283718109","-0.10140000283718109","-0.10140000283718109","-0.2059520035982132","-0.2059520035982132","-0.2059520035982132","-0.4405440092086792","-0.4405440092086792","-0.4405440092086792","0.9475119709968567","0.9475119709968567","0.9475119709968567","0.786516010761261","0.786516010761261","0.786516010761261"
"185","-0.11637599766254425","-0.11637599766254425","-0.11637599766254425","-0.1830960065126419","-0.1830960065126419","-0.1830960065126419","-0.4398120045661926","-0.4398120045661926","-0.4398120045661926","0.9278920292854309","0.9278920292854309","0.9278920292854309","0.7460560202598572","0.7460560202598572","0.7460560202598572"
"186","-0.09807199984788895","-0.09807199984788895","-0.09807199984788895","-0.18293599784374237","-0.18293599784374237","-0.18293599784374237","-0.45959600806236267","-0.45959600806236267","-0.45959600806236267","0.9277759790420532","0.9277759790420532","0.9277759790420532","0.7037240266799927","0.7037240266799927","0.7037240266799927"
"187","-0.0792360007762909","-0.0792360007762909","-0.0792360007762909","-0.2008640021085739","-0.2008640021085739","-0.2008640021085739","-0.45991599559783936","-0.45991599559783936","-0.45991599559783936","0.8985080122947693","0.8985080122947693","0.8985080122947693","0.6603879928588867","0.6603879928588867","0.6603879928588867"
"188","-0.0738999992609024","-0.0738999992609024","-0.0738999992609024","-0.21916399896144867","-0.21916399896144867","-0.21916399896144867","-0.46285200119018555","-0.46285200119018555","-0.46285200119018555","0.8908360004425049","0.8908360004425049","0.8908360004425049","0.650983989238739","0.650983989238739","0.650983989238739"
"189","-0.07517199963331223","-0.07517199963331223","-0.07517199963331223","-0.2383359968662262","-0.2383359968662262","-0.2383359968662262","-0.4627879858016968","-0.4627879858016968","-0.4627879858016968","0.8881719708442688","0.8881719708442688","0.8881719708442688","0.6303560137748718","0.6303560137748718","0.6303560137748718"
"190","-0.08321599662303925","-0.08321599662303925","-0.08321599662303925","-0.25553199648857117","-0.25553199648857117","-0.25553199648857117","-0.4633679986000061","-0.4633679986000061","-0.4633679986000061","0.8648840188980103","0.8648840188980103","0.8648840188980103","0.6588960289955139","0.6588960289955139","0.6588960289955139"
"191","-0.06496399641036987","-0.06496399641036987","-0.06496399641036987","-0.25553199648857117","-0.25553199648857117","-0.25553199648857117","-0.46396398544311523","-0.46396398544311523","-0.46396398544311523","0.8996120095252991","0.8996120095252991","0.8996120095252991","0.8756639957427979","0.8756639957427979","0.8756639957427979"
"192","-0.05277999863028526","-0.05277999863028526","-0.05277999863028526","-0.2586039900779724","-0.2586039900779724","-0.2586039900779724","-0.48333999514579773","-0.48333999514579773","-0.48333999514579773","0.9431160092353821","0.9431160092353821","0.9431160092353821","0.8768879771232605","0.8768879771232605","0.8768879771232605"
"193","-0.05231599882245064","-0.05231599882245064","-0.05231599882245064","-0.2751559913158417","-0.2751559913158417","-0.2751559913158417","-0.4845919907093048","-0.4845919907093048","-0.4845919907093048","0.9214479923248291","0.9214479923248291","0.9214479923248291","0.9282439947128296","0.9282439947128296","0.9282439947128296"
"194","-0.03497600182890892","-0.03497600182890892","-0.03497600182890892","-0.2908639907836914","-0.2908639907836914","-0.2908639907836914","-0.5035399794578552","-0.5035399794578552","-0.5035399794578552","0.9162799715995789","0.9162799715995789","0.9162799715995789","0.9463239908218384","0.9463239908218384","0.9463239908218384"
"195","-0.03501199930906296","-0.03501199930906296","-0.03501199930906296","-0.30880001187324524","-0.30880001187324524","-0.30880001187324524","-0.5035160183906555","-0.5035160183906555","-0.5035160183906555","0.8934879899024963","0.8934879899024963","0.8934879899024963","0.9552080035209656","0.9552080035209656","0.9552080035209656"
"196","-0.006732000038027763","-0.006732000038027763","-0.006732000038027763","-0.32791200280189514","-0.32791200280189514","-0.32791200280189514","-0.5048879981040955","-0.5048879981040955","-0.5048879981040955","0.8685879707336426","0.8685879707336426","0.8685879707336426","0.9302480220794678","0.9302480220794678","0.9302480220794678"
"197","0.02465599961578846","0.02465599961578846","0.02465599961578846","-0.34742000699043274","-0.34742000699043274","-0.34742000699043274","-0.4881399869918823","-0.4881399869918823","-0.4881399869918823","0.8957080245018005","0.8957080245018005","0.8957080245018005","0.9293439984321594","0.9293439984321594","0.9293439984321594"
"198","0.014375999569892883","0.014375999569892883","0.014375999569892883","-0.35199201107025146","-0.35199201107025146","-0.35199201107025146","-0.46955999732017517","-0.46955999732017517","-0.46955999732017517","0.9210479855537415","0.9210479855537415","0.9210479855537415","0.955299973487854","0.955299973487854","0.955299973487854"
"199","0.03283200040459633","0.03283200040459633","0.03283200040459633","-0.35896000266075134","-0.35896000266075134","-0.35896000266075134","-0.4740560054779053","-0.4740560054779053","-0.4740560054779053","0.9437239766120911","0.9437239766120911","0.9437239766120911","0.9549559950828552","0.9549559950828552","0.9549559950828552"