"Step","PPO (default), operant training, aai_timescale=1, 2M steps - rollout/ep_rew_mean","PPO (default), operant training, aai_timescale=1, 2M steps - rollout/ep_rew_mean__MIN","PPO (default), operant training, aai_timescale=1, 2M steps - rollout/ep_rew_mean__MAX"
"0","-0.9995999932289124","-0.9995999932289124","-0.9995999932289124"
"1","-0.9995999932289124","-0.9995999932289124","-0.9995999932289124"
"2","-0.9995999932289124","-0.9995999932289124","-0.9995999932289124"
"3","-0.9995999932289124","-0.9995999932289124","-0.9995999932289124"
"4","-0.9995999932289124","-0.9995999932289124","-0.9995999932289124"
"5","-0.9995999932289124","-0.9995999932289124","-0.9995999932289124"
"6","-0.9995999932289124","-0.9995999932289124","-0.9995999932289124"
"7","-0.9995999932289124","-0.9995999932289124","-0.9995999932289124"
"8","-0.9995999932289124","-0.9995999932289124","-0.9995999932289124"
"9","-0.9995999932289124","-0.9995999932289124","-0.9995999932289124"
"10","-0.9995999932289124","-0.9995999932289124","-0.9995999932289124"
"11","-0.9995999932289124","-0.9995999932289124","-0.9995999932289124"
"12","-0.9995999932289124","-0.9995999932289124","-0.9995999932289124"
"13","-0.9995999932289124","-0.9995999932289124","-0.9995999932289124"
"14","-0.9995999932289124","-0.9995999932289124","-0.9995999932289124"
"15","-0.9995999932289124","-0.9995999932289124","-0.9995999932289124"
"16","-0.9995999932289124","-0.9995999932289124","-0.9995999932289124"
"17","-0.9995999932289124","-0.9995999932289124","-0.9995999932289124"
"18","-0.9995999932289124","-0.9995999932289124","-0.9995999932289124"
"19","-0.9995999932289124","-0.9995999932289124","-0.9995999932289124"
"20","-0.9995999932289124","-0.9995999932289124","-0.9995999932289124"
"21","-0.9995999932289124","-0.9995999932289124","-0.9995999932289124"
"22","-0.9995999932289124","-0.9995999932289124","-0.9995999932289124"
"23","-0.9995999932289124","-0.9995999932289124","-0.9995999932289124"
"24","-0.9995999932289124","-0.9995999932289124","-0.9995999932289124"
"25","-0.9995999932289124","-0.9995999932289124","-0.9995999932289124"
"26","-0.9995999932289124","-0.9995999932289124","-0.9995999932289124"
"27","-0.9995999932289124","-0.9995999932289124","-0.9995999932289124"
"28","-0.9995999932289124","-0.9995999932289124","-0.9995999932289124"
"29","-0.9995999932289124","-0.9995999932289124","-0.9995999932289124"
"30","-0.9995999932289124","-0.9995999932289124","-0.9995999932289124"
"31","-0.9995999932289124","-0.9995999932289124","-0.9995999932289124"
"32","-0.9995999932289124","-0.9995999932289124","-0.9995999932289124"
"33","-0.9995999932289124","-0.9995999932289124","-0.9995999932289124"
"34","-0.9995999932289124","-0.9995999932289124","-0.9995999932289124"
"35","-0.9995999932289124","-0.9995999932289124","-0.9995999932289124"
"36","-0.9995999932289124","-0.9995999932289124","-0.9995999932289124"
"37","-0.9995999932289124","-0.9995999932289124","-0.9995999932289124"
"38","-0.9827958345413208","-0.9827958345413208","-0.9827958345413208"
"39","-0.9831387996673584","-0.9831387996673584","-0.9831387996673584"
"40","-0.9834679961204529","-0.9834679961204529","-0.9834679961204529"
"41","-0.9834679961204529","-0.9834679961204529","-0.9834679961204529"
"42","-0.9834679961204529","-0.9834679961204529","-0.9834679961204529"
"43","-0.9834679961204529","-0.9834679961204529","-0.9834679961204529"
"44","-0.9834679961204529","-0.9834679961204529","-0.9834679961204529"
"45","-0.9834679961204529","-0.9834679961204529","-0.9834679961204529"
"46","-0.9834679961204529","-0.9834679961204529","-0.9834679961204529"
"47","-0.9834679961204529","-0.9834679961204529","-0.9834679961204529"
"48","-0.9834679961204529","-0.9834679961204529","-0.9834679961204529"
"49","-0.9834679961204529","-0.9834679961204529","-0.9834679961204529"
"50","-0.9834679961204529","-0.9834679961204529","-0.9834679961204529"
"51","-0.9834679961204529","-0.9834679961204529","-0.9834679961204529"
"52","-0.9834679961204529","-0.9834679961204529","-0.9834679961204529"
"53","-0.9834679961204529","-0.9834679961204529","-0.9834679961204529"
"54","-0.9834679961204529","-0.9834679961204529","-0.9834679961204529"
"55","-0.9834679961204529","-0.9834679961204529","-0.9834679961204529"
"56","-0.9834679961204529","-0.9834679961204529","-0.9834679961204529"
"57","-0.9834679961204529","-0.9834679961204529","-0.9834679961204529"
"58","-0.9834679961204529","-0.9834679961204529","-0.9834679961204529"
"59","-0.9834679961204529","-0.9834679961204529","-0.9834679961204529"
"60","-0.9834679961204529","-0.9834679961204529","-0.9834679961204529"
"61","-0.9834679961204529","-0.9834679961204529","-0.9834679961204529"
"62","-0.9834679961204529","-0.9834679961204529","-0.9834679961204529"
"63","-0.9834679961204529","-0.9834679961204529","-0.9834679961204529"
"64","-0.9834679961204529","-0.9834679961204529","-0.9834679961204529"
"65","-0.9834679961204529","-0.9834679961204529","-0.9834679961204529"
"66","-0.9834679961204529","-0.9834679961204529","-0.9834679961204529"
"67","-0.9834679961204529","-0.9834679961204529","-0.9834679961204529"
"68","-0.9834679961204529","-0.9834679961204529","-0.9834679961204529"
"69","-0.9834679961204529","-0.9834679961204529","-0.9834679961204529"
"70","-0.9834679961204529","-0.9834679961204529","-0.9834679961204529"
"71","-0.9834679961204529","-0.9834679961204529","-0.9834679961204529"
"72","-0.9834679961204529","-0.9834679961204529","-0.9834679961204529"
"73","-0.9834679961204529","-0.9834679961204529","-0.9834679961204529"
"74","-0.9834679961204529","-0.9834679961204529","-0.9834679961204529"
"75","-0.9834679961204529","-0.9834679961204529","-0.9834679961204529"
"76","-0.9834679961204529","-0.9834679961204529","-0.9834679961204529"
"77","-0.9834679961204529","-0.9834679961204529","-0.9834679961204529"
"78","-0.9834679961204529","-0.9834679961204529","-0.9834679961204529"
"79","-0.9995999932289124","-0.9995999932289124","-0.9995999932289124"
"80","-0.9995999932289124","-0.9995999932289124","-0.9995999932289124"
"81","-0.98471599817276","-0.98471599817276","-0.98471599817276"
"82","-0.98471599817276","-0.98471599817276","-0.98471599817276"
"83","-0.98471599817276","-0.98471599817276","-0.98471599817276"
"84","-0.98471599817276","-0.98471599817276","-0.98471599817276"
"85","-0.98471599817276","-0.98471599817276","-0.98471599817276"
"86","-0.98471599817276","-0.98471599817276","-0.98471599817276"
"87","-0.98471599817276","-0.98471599817276","-0.98471599817276"
"88","-0.98471599817276","-0.98471599817276","-0.98471599817276"
"89","-0.98471599817276","-0.98471599817276","-0.98471599817276"
"90","-0.98471599817276","-0.98471599817276","-0.98471599817276"
"91","-0.98471599817276","-0.98471599817276","-0.98471599817276"
"92","-0.98471599817276","-0.98471599817276","-0.98471599817276"
"93","-0.98471599817276","-0.98471599817276","-0.98471599817276"
"94","-0.98471599817276","-0.98471599817276","-0.98471599817276"
"95","-0.973363995552063","-0.973363995552063","-0.973363995552063"
"96","-0.973363995552063","-0.973363995552063","-0.973363995552063"
"97","-0.973363995552063","-0.973363995552063","-0.973363995552063"
"98","-0.973363995552063","-0.973363995552063","-0.973363995552063"
"99","-0.973363995552063","-0.973363995552063","-0.973363995552063"
"100","-0.973363995552063","-0.973363995552063","-0.973363995552063"
"101","-0.973363995552063","-0.973363995552063","-0.973363995552063"
"102","-0.973363995552063","-0.973363995552063","-0.973363995552063"
"103","-0.973363995552063","-0.973363995552063","-0.973363995552063"
"104","-0.973363995552063","-0.973363995552063","-0.973363995552063"
"105","-0.973363995552063","-0.973363995552063","-0.973363995552063"
"106","-0.973363995552063","-0.973363995552063","-0.973363995552063"
"107","-0.973363995552063","-0.973363995552063","-0.973363995552063"
"108","-0.973363995552063","-0.973363995552063","-0.973363995552063"
"109","-0.973363995552063","-0.973363995552063","-0.973363995552063"
"110","-0.973363995552063","-0.973363995552063","-0.973363995552063"
"111","-0.973363995552063","-0.973363995552063","-0.973363995552063"
"112","-0.973363995552063","-0.973363995552063","-0.973363995552063"
"113","-0.973363995552063","-0.973363995552063","-0.973363995552063"
"114","-0.973363995552063","-0.973363995552063","-0.973363995552063"
"115","-0.973363995552063","-0.973363995552063","-0.973363995552063"
"116","-0.973363995552063","-0.973363995552063","-0.973363995552063"
"117","-0.973363995552063","-0.973363995552063","-0.973363995552063"
"118","-0.973363995552063","-0.973363995552063","-0.973363995552063"
"119","-0.973363995552063","-0.973363995552063","-0.973363995552063"
"120","-0.973363995552063","-0.973363995552063","-0.973363995552063"
"121","-0.973363995552063","-0.973363995552063","-0.973363995552063"
"122","-0.9882479906082153","-0.9882479906082153","-0.9882479906082153"
"123","-0.9882479906082153","-0.9882479906082153","-0.9882479906082153"
"124","-0.9724000096321106","-0.9724000096321106","-0.9724000096321106"
"125","-0.9724000096321106","-0.9724000096321106","-0.9724000096321106"
"126","-0.9724000096321106","-0.9724000096321106","-0.9724000096321106"
"127","-0.9724000096321106","-0.9724000096321106","-0.9724000096321106"
"128","-0.9724000096321106","-0.9724000096321106","-0.9724000096321106"
"129","-0.9724000096321106","-0.9724000096321106","-0.9724000096321106"
"130","-0.9724000096321106","-0.9724000096321106","-0.9724000096321106"
"131","-0.9724000096321106","-0.9724000096321106","-0.9724000096321106"
"132","-0.9724000096321106","-0.9724000096321106","-0.9724000096321106"
"133","-0.9724000096321106","-0.9724000096321106","-0.9724000096321106"
"134","-0.9724000096321106","-0.9724000096321106","-0.9724000096321106"
"135","-0.9724000096321106","-0.9724000096321106","-0.9724000096321106"
"136","-0.9837520122528076","-0.9837520122528076","-0.9837520122528076"
"137","-0.9837520122528076","-0.9837520122528076","-0.9837520122528076"
"138","-0.9837520122528076","-0.9837520122528076","-0.9837520122528076"
"139","-0.9837520122528076","-0.9837520122528076","-0.9837520122528076"
"140","-0.9837520122528076","-0.9837520122528076","-0.9837520122528076"
"141","-0.9837520122528076","-0.9837520122528076","-0.9837520122528076"
"142","-0.9837520122528076","-0.9837520122528076","-0.9837520122528076"
"143","-0.9837520122528076","-0.9837520122528076","-0.9837520122528076"
"144","-0.9837520122528076","-0.9837520122528076","-0.9837520122528076"
"145","-0.9837520122528076","-0.9837520122528076","-0.9837520122528076"
"146","-0.9837520122528076","-0.9837520122528076","-0.9837520122528076"
"147","-0.9837520122528076","-0.9837520122528076","-0.9837520122528076"
"148","-0.9837520122528076","-0.9837520122528076","-0.9837520122528076"
"149","-0.9837520122528076","-0.9837520122528076","-0.9837520122528076"
"150","-0.9837520122528076","-0.9837520122528076","-0.9837520122528076"
"151","-0.9837520122528076","-0.9837520122528076","-0.9837520122528076"
"152","-0.9837520122528076","-0.9837520122528076","-0.9837520122528076"
"153","-0.9837520122528076","-0.9837520122528076","-0.9837520122528076"
"154","-0.9837520122528076","-0.9837520122528076","-0.9837520122528076"
"155","-0.9837520122528076","-0.9837520122528076","-0.9837520122528076"
"156","-0.9837520122528076","-0.9837520122528076","-0.9837520122528076"
"157","-0.9837520122528076","-0.9837520122528076","-0.9837520122528076"
"158","-0.9837520122528076","-0.9837520122528076","-0.9837520122528076"
"159","-0.9837520122528076","-0.9837520122528076","-0.9837520122528076"
"160","-0.9837520122528076","-0.9837520122528076","-0.9837520122528076"
"161","-0.9701240062713623","-0.9701240062713623","-0.9701240062713623"
"162","-0.9701240062713623","-0.9701240062713623","-0.9701240062713623"
"163","-0.9701240062713623","-0.9701240062713623","-0.9701240062713623"
"164","-0.985971987247467","-0.985971987247467","-0.985971987247467"
"165","-0.985971987247467","-0.985971987247467","-0.985971987247467"
"166","-0.985971987247467","-0.985971987247467","-0.985971987247467"
"167","-0.985971987247467","-0.985971987247467","-0.985971987247467"
"168","-0.985971987247467","-0.985971987247467","-0.985971987247467"
"169","-0.985971987247467","-0.985971987247467","-0.985971987247467"
"170","-0.985971987247467","-0.985971987247467","-0.985971987247467"
"171","-0.985971987247467","-0.985971987247467","-0.985971987247467"
"172","-0.985971987247467","-0.985971987247467","-0.985971987247467"
"173","-0.985971987247467","-0.985971987247467","-0.985971987247467"
"174","-0.985971987247467","-0.985971987247467","-0.985971987247467"
"175","-0.985971987247467","-0.985971987247467","-0.985971987247467"
"176","-0.985971987247467","-0.985971987247467","-0.985971987247467"
"177","-0.985971987247467","-0.985971987247467","-0.985971987247467"
"178","-0.985971987247467","-0.985971987247467","-0.985971987247467"
"179","-0.985971987247467","-0.985971987247467","-0.985971987247467"
"180","-0.985971987247467","-0.985971987247467","-0.985971987247467"
"181","-0.985971987247467","-0.985971987247467","-0.985971987247467"
"182","-0.985971987247467","-0.985971987247467","-0.985971987247467"
"183","-0.985971987247467","-0.985971987247467","-0.985971987247467"
"184","-0.985971987247467","-0.985971987247467","-0.985971987247467"
"185","-0.985971987247467","-0.985971987247467","-0.985971987247467"
"186","-0.985971987247467","-0.985971987247467","-0.985971987247467"
"187","-0.985971987247467","-0.985971987247467","-0.985971987247467"
"188","-0.985971987247467","-0.985971987247467","-0.985971987247467"
"189","-0.985971987247467","-0.985971987247467","-0.985971987247467"
"190","-0.985971987247467","-0.985971987247467","-0.985971987247467"
"191","-0.985971987247467","-0.985971987247467","-0.985971987247467"
"192","-0.985971987247467","-0.985971987247467","-0.985971987247467"
"193","-0.985971987247467","-0.985971987247467","-0.985971987247467"
"194","-0.985971987247467","-0.985971987247467","-0.985971987247467"
"195","-0.985971987247467","-0.985971987247467","-0.985971987247467"
"196","-0.985971987247467","-0.985971987247467","-0.985971987247467"
"197","-0.985971987247467","-0.985971987247467","-0.985971987247467"
"198","-0.985971987247467","-0.985971987247467","-0.985971987247467"
"199","-0.985971987247467","-0.985971987247467","-0.985971987247467"
"200","-0.985971987247467","-0.985971987247467","-0.985971987247467"
"201","-0.985971987247467","-0.985971987247467","-0.985971987247467"
"202","-0.9995999932289124","-0.9995999932289124","-0.9995999932289124"
"203","-0.9995999932289124","-0.9995999932289124","-0.9995999932289124"
"204","-0.9995999932289124","-0.9995999932289124","-0.9995999932289124"
"205","-0.9995999932289124","-0.9995999932289124","-0.9995999932289124"
"206","-0.9995999932289124","-0.9995999932289124","-0.9995999932289124"
"207","-0.9995999932289124","-0.9995999932289124","-0.9995999932289124"
"208","-0.9995999932289124","-0.9995999932289124","-0.9995999932289124"
"209","-0.9995999932289124","-0.9995999932289124","-0.9995999932289124"
"210","-0.9995999932289124","-0.9995999932289124","-0.9995999932289124"
"211","-0.9995999932289124","-0.9995999932289124","-0.9995999932289124"
"212","-0.9995999932289124","-0.9995999932289124","-0.9995999932289124"
"213","-0.9995999932289124","-0.9995999932289124","-0.9995999932289124"
"214","-0.9995999932289124","-0.9995999932289124","-0.9995999932289124"
"215","-0.9995999932289124","-0.9995999932289124","-0.9995999932289124"
"216","-0.9995999932289124","-0.9995999932289124","-0.9995999932289124"
"217","-0.9995999932289124","-0.9995999932289124","-0.9995999932289124"
"218","-0.9995999932289124","-0.9995999932289124","-0.9995999932289124"
"219","-0.9995999932289124","-0.9995999932289124","-0.9995999932289124"
"220","-0.9995999932289124","-0.9995999932289124","-0.9995999932289124"
"221","-0.9995999932289124","-0.9995999932289124","-0.9995999932289124"
"222","-0.9995999932289124","-0.9995999932289124","-0.9995999932289124"
"223","-0.9995999932289124","-0.9995999932289124","-0.9995999932289124"
"224","-0.9995999932289124","-0.9995999932289124","-0.9995999932289124"
"225","-0.9995999932289124","-0.9995999932289124","-0.9995999932289124"
"226","-0.9995999932289124","-0.9995999932289124","-0.9995999932289124"
"227","-0.9995999932289124","-0.9995999932289124","-0.9995999932289124"
"228","-0.9995999932289124","-0.9995999932289124","-0.9995999932289124"
"229","-0.9995999932289124","-0.9995999932289124","-0.9995999932289124"
"230","-0.9995999932289124","-0.9995999932289124","-0.9995999932289124"
"231","-0.9995999932289124","-0.9995999932289124","-0.9995999932289124"
"232","-0.9995999932289124","-0.9995999932289124","-0.9995999932289124"
"233","-0.9995999932289124","-0.9995999932289124","-0.9995999932289124"
"234","-0.9995999932289124","-0.9995999932289124","-0.9995999932289124"
"235","-0.9995999932289124","-0.9995999932289124","-0.9995999932289124"
"236","-0.9995999932289124","-0.9995999932289124","-0.9995999932289124"
"237","-0.9995999932289124","-0.9995999932289124","-0.9995999932289124"
"238","-0.9995999932289124","-0.9995999932289124","-0.9995999932289124"
"239","-0.9995999932289124","-0.9995999932289124","-0.9995999932289124"
"240","-0.9995999932289124","-0.9995999932289124","-0.9995999932289124"
"241","-0.9995999932289124","-0.9995999932289124","-0.9995999932289124"
"242","-0.9995999932289124","-0.9995999932289124","-0.9995999932289124"
"243","-0.9995999932289124","-0.9995999932289124","-0.9995999932289124"
"244","-0.9995999932289124","-0.9995999932289124","-0.9995999932289124"
"245","-0.9995999932289124","-0.9995999932289124","-0.9995999932289124"
"246","-0.9995999932289124","-0.9995999932289124","-0.9995999932289124"
"247","-0.9995999932289124","-0.9995999932289124","-0.9995999932289124"
"248","-0.9995999932289124","-0.9995999932289124","-0.9995999932289124"
"249","-0.9995999932289124","-0.9995999932289124","-0.9995999932289124"
"250","-0.9995999932289124","-0.9995999932289124","-0.9995999932289124"
"251","-0.9995999932289124","-0.9995999932289124","-0.9995999932289124"
"252","-0.9995999932289124","-0.9995999932289124","-0.9995999932289124"
"253","-0.9995999932289124","-0.9995999932289124","-0.9995999932289124"
"254","-0.9995999932289124","-0.9995999932289124","-0.9995999932289124"
"255","-0.9995999932289124","-0.9995999932289124","-0.9995999932289124"
"256","-0.9995999932289124","-0.9995999932289124","-0.9995999932289124"
"257","-0.9995999932289124","-0.9995999932289124","-0.9995999932289124"
"258","-0.9995999932289124","-0.9995999932289124","-0.9995999932289124"
"259","-0.9995999932289124","-0.9995999932289124","-0.9995999932289124"
"260","-0.9995999932289124","-0.9995999932289124","-0.9995999932289124"
"261","-0.9995999932289124","-0.9995999932289124","-0.9995999932289124"
"262","-0.9995999932289124","-0.9995999932289124","-0.9995999932289124"
"263","-0.9995999932289124","-0.9995999932289124","-0.9995999932289124"
"264","-0.9995999932289124","-0.9995999932289124","-0.9995999932289124"
"265","-0.9995999932289124","-0.9995999932289124","-0.9995999932289124"
"266","-0.9995999932289124","-0.9995999932289124","-0.9995999932289124"
"267","-0.9995999932289124","-0.9995999932289124","-0.9995999932289124"
"268","-0.9995999932289124","-0.9995999932289124","-0.9995999932289124"
"269","-0.9892719984054565","-0.9892719984054565","-0.9892719984054565"
"270","-0.9892719984054565","-0.9892719984054565","-0.9892719984054565"
"271","-0.9892719984054565","-0.9892719984054565","-0.9892719984054565"
"272","-0.9892719984054565","-0.9892719984054565","-0.9892719984054565"
"273","-0.9892719984054565","-0.9892719984054565","-0.9892719984054565"
"274","-0.9892719984054565","-0.9892719984054565","-0.9892719984054565"
"275","-0.9892719984054565","-0.9892719984054565","-0.9892719984054565"
"276","-0.9892719984054565","-0.9892719984054565","-0.9892719984054565"
"277","-0.9892719984054565","-0.9892719984054565","-0.9892719984054565"
"278","-0.9892719984054565","-0.9892719984054565","-0.9892719984054565"
"279","-0.9892719984054565","-0.9892719984054565","-0.9892719984054565"
"280","-0.9892719984054565","-0.9892719984054565","-0.9892719984054565"
"281","-0.9892719984054565","-0.9892719984054565","-0.9892719984054565"
"282","-0.9892719984054565","-0.9892719984054565","-0.9892719984054565"
"283","-0.9892719984054565","-0.9892719984054565","-0.9892719984054565"
"284","-0.9892719984054565","-0.9892719984054565","-0.9892719984054565"
"285","-0.9892719984054565","-0.9892719984054565","-0.9892719984054565"
"286","-0.9892719984054565","-0.9892719984054565","-0.9892719984054565"
"287","-0.9892719984054565","-0.9892719984054565","-0.9892719984054565"
"288","-0.9892719984054565","-0.9892719984054565","-0.9892719984054565"
"289","-0.9892719984054565","-0.9892719984054565","-0.9892719984054565"
"290","-0.9892719984054565","-0.9892719984054565","-0.9892719984054565"
"291","-0.9892719984054565","-0.9892719984054565","-0.9892719984054565"
"292","-0.9892719984054565","-0.9892719984054565","-0.9892719984054565"
"293","-0.9892719984054565","-0.9892719984054565","-0.9892719984054565"
"294","-0.9892719984054565","-0.9892719984054565","-0.9892719984054565"
"295","-0.9892719984054565","-0.9892719984054565","-0.9892719984054565"
"296","-0.9892719984054565","-0.9892719984054565","-0.9892719984054565"
"297","-0.9892719984054565","-0.9892719984054565","-0.9892719984054565"
"298","-0.9892719984054565","-0.9892719984054565","-0.9892719984054565"
"299","-0.9892719984054565","-0.9892719984054565","-0.9892719984054565"
"300","-0.9892719984054565","-0.9892719984054565","-0.9892719984054565"
"301","-0.9892719984054565","-0.9892719984054565","-0.9892719984054565"
"302","-0.9892719984054565","-0.9892719984054565","-0.9892719984054565"
"303","-0.9892719984054565","-0.9892719984054565","-0.9892719984054565"
"304","-0.9892719984054565","-0.9892719984054565","-0.9892719984054565"
"305","-0.9892719984054565","-0.9892719984054565","-0.9892719984054565"
"306","-0.9892719984054565","-0.9892719984054565","-0.9892719984054565"
"307","-0.9892719984054565","-0.9892719984054565","-0.9892719984054565"
"308","-0.9892719984054565","-0.9892719984054565","-0.9892719984054565"
"309","-0.9995999932289124","-0.9995999932289124","-0.9995999932289124"
"310","-0.9995999932289124","-0.9995999932289124","-0.9995999932289124"
"311","-0.9995999932289124","-0.9995999932289124","-0.9995999932289124"
"312","-0.9995999932289124","-0.9995999932289124","-0.9995999932289124"
"313","-0.9995999932289124","-0.9995999932289124","-0.9995999932289124"
"314","-0.9995999932289124","-0.9995999932289124","-0.9995999932289124"
"315","-0.9995999932289124","-0.9995999932289124","-0.9995999932289124"
"316","-0.9995999932289124","-0.9995999932289124","-0.9995999932289124"
"317","-0.9995999932289124","-0.9995999932289124","-0.9995999932289124"
"318","-0.9995999932289124","-0.9995999932289124","-0.9995999932289124"
"319","-0.9995999932289124","-0.9995999932289124","-0.9995999932289124"
"320","-0.9995999932289124","-0.9995999932289124","-0.9995999932289124"
"321","-0.9995999932289124","-0.9995999932289124","-0.9995999932289124"
"322","-0.9995999932289124","-0.9995999932289124","-0.9995999932289124"
"323","-0.9995999932289124","-0.9995999932289124","-0.9995999932289124"
"324","-0.9995999932289124","-0.9995999932289124","-0.9995999932289124"
"325","-0.9995999932289124","-0.9995999932289124","-0.9995999932289124"
"326","-0.9995999932289124","-0.9995999932289124","-0.9995999932289124"
"327","-0.9995999932289124","-0.9995999932289124","-0.9995999932289124"
"328","-0.9995999932289124","-0.9995999932289124","-0.9995999932289124"
"329","-0.9995999932289124","-0.9995999932289124","-0.9995999932289124"
"330","-0.9995999932289124","-0.9995999932289124","-0.9995999932289124"
"331","-0.9995999932289124","-0.9995999932289124","-0.9995999932289124"
"332","-0.9995999932289124","-0.9995999932289124","-0.9995999932289124"
"333","-0.9995999932289124","-0.9995999932289124","-0.9995999932289124"
"334","-0.9995999932289124","-0.9995999932289124","-0.9995999932289124"
"335","-0.9995999932289124","-0.9995999932289124","-0.9995999932289124"
"336","-0.9995999932289124","-0.9995999932289124","-0.9995999932289124"
"337","-0.9995999932289124","-0.9995999932289124","-0.9995999932289124"
"338","-0.9995999932289124","-0.9995999932289124","-0.9995999932289124"
"339","-0.9995999932289124","-0.9995999932289124","-0.9995999932289124"
"340","-0.9995999932289124","-0.9995999932289124","-0.9995999932289124"
"341","-0.9995999932289124","-0.9995999932289124","-0.9995999932289124"
"342","-0.9995999932289124","-0.9995999932289124","-0.9995999932289124"
"343","-0.9995999932289124","-0.9995999932289124","-0.9995999932289124"
"344","-0.9995999932289124","-0.9995999932289124","-0.9995999932289124"
"345","-0.9995999932289124","-0.9995999932289124","-0.9995999932289124"
"346","-0.9995999932289124","-0.9995999932289124","-0.9995999932289124"
"347","-0.9995999932289124","-0.9995999932289124","-0.9995999932289124"
"348","-0.9995999932289124","-0.9995999932289124","-0.9995999932289124"
"349","-0.9995999932289124","-0.9995999932289124","-0.9995999932289124"
"350","-0.9995999932289124","-0.9995999932289124","-0.9995999932289124"
"351","-0.9995999932289124","-0.9995999932289124","-0.9995999932289124"
"352","-0.9995999932289124","-0.9995999932289124","-0.9995999932289124"
"353","-0.9995999932289124","-0.9995999932289124","-0.9995999932289124"
"354","-0.9995999932289124","-0.9995999932289124","-0.9995999932289124"
"355","-0.9995999932289124","-0.9995999932289124","-0.9995999932289124"
"356","-0.9995999932289124","-0.9995999932289124","-0.9995999932289124"
"357","-0.9995999932289124","-0.9995999932289124","-0.9995999932289124"
"358","-0.9995999932289124","-0.9995999932289124","-0.9995999932289124"
"359","-0.9995999932289124","-0.9995999932289124","-0.9995999932289124"
"360","-0.9995999932289124","-0.9995999932289124","-0.9995999932289124"
"361","-0.9995999932289124","-0.9995999932289124","-0.9995999932289124"
"362","-0.9995999932289124","-0.9995999932289124","-0.9995999932289124"
"363","-0.9995999932289124","-0.9995999932289124","-0.9995999932289124"
"364","-0.9995999932289124","-0.9995999932289124","-0.9995999932289124"
"365","-0.9995999932289124","-0.9995999932289124","-0.9995999932289124"
"366","-0.9995999932289124","-0.9995999932289124","-0.9995999932289124"
"367","-0.9995999932289124","-0.9995999932289124","-0.9995999932289124"
"368","-0.9995999932289124","-0.9995999932289124","-0.9995999932289124"
"369","-0.9995999932289124","-0.9995999932289124","-0.9995999932289124"
"370","-0.9995999932289124","-0.9995999932289124","-0.9995999932289124"
"371","-0.9995999932289124","-0.9995999932289124","-0.9995999932289124"
"372","-0.9995999932289124","-0.9995999932289124","-0.9995999932289124"
"373","-0.9995999932289124","-0.9995999932289124","-0.9995999932289124"
"374","-0.9995999932289124","-0.9995999932289124","-0.9995999932289124"
"375","-0.9995999932289124","-0.9995999932289124","-0.9995999932289124"
"376","-0.9995999932289124","-0.9995999932289124","-0.9995999932289124"
"377","-0.9995999932289124","-0.9995999932289124","-0.9995999932289124"
"378","-0.9995999932289124","-0.9995999932289124","-0.9995999932289124"
"379","-0.9995999932289124","-0.9995999932289124","-0.9995999932289124"
"380","-0.9876760244369507","-0.9876760244369507","-0.9876760244369507"
"381","-0.9876760244369507","-0.9876760244369507","-0.9876760244369507"
"382","-0.9876760244369507","-0.9876760244369507","-0.9876760244369507"
"383","-0.9876760244369507","-0.9876760244369507","-0.9876760244369507"
"384","-0.9876760244369507","-0.9876760244369507","-0.9876760244369507"
"385","-0.9876760244369507","-0.9876760244369507","-0.9876760244369507"
"386","-0.9876760244369507","-0.9876760244369507","-0.9876760244369507"
"387","-0.9876760244369507","-0.9876760244369507","-0.9876760244369507"
"388","-0.9876760244369507","-0.9876760244369507","-0.9876760244369507"
"389","-0.9876760244369507","-0.9876760244369507","-0.9876760244369507"
"390","-0.9876760244369507","-0.9876760244369507","-0.9876760244369507"
"391","-0.9876760244369507","-0.9876760244369507","-0.9876760244369507"
"392","-0.9876760244369507","-0.9876760244369507","-0.9876760244369507"
"393","-0.9876760244369507","-0.9876760244369507","-0.9876760244369507"
"394","-0.9876760244369507","-0.9876760244369507","-0.9876760244369507"
"395","-0.9876760244369507","-0.9876760244369507","-0.9876760244369507"
"396","-0.9876760244369507","-0.9876760244369507","-0.9876760244369507"
"397","-0.9876760244369507","-0.9876760244369507","-0.9876760244369507"
"398","-0.9876760244369507","-0.9876760244369507","-0.9876760244369507"
"399","-0.9876760244369507","-0.9876760244369507","-0.9876760244369507"
"400","-0.9876760244369507","-0.9876760244369507","-0.9876760244369507"
"401","-0.9876760244369507","-0.9876760244369507","-0.9876760244369507"
"402","-0.9876760244369507","-0.9876760244369507","-0.9876760244369507"
"403","-0.9876760244369507","-0.9876760244369507","-0.9876760244369507"
"404","-0.9876760244369507","-0.9876760244369507","-0.9876760244369507"
"405","-0.9876760244369507","-0.9876760244369507","-0.9876760244369507"
"406","-0.9876760244369507","-0.9876760244369507","-0.9876760244369507"
"407","-0.9876760244369507","-0.9876760244369507","-0.9876760244369507"
"408","-0.9876760244369507","-0.9876760244369507","-0.9876760244369507"
"409","-0.9876760244369507","-0.9876760244369507","-0.9876760244369507"
"410","-0.9876760244369507","-0.9876760244369507","-0.9876760244369507"
"411","-0.9876760244369507","-0.9876760244369507","-0.9876760244369507"
"412","-0.9876760244369507","-0.9876760244369507","-0.9876760244369507"
"413","-0.9876760244369507","-0.9876760244369507","-0.9876760244369507"
"414","-0.9876760244369507","-0.9876760244369507","-0.9876760244369507"
"415","-0.9876760244369507","-0.9876760244369507","-0.9876760244369507"
"416","-0.9876760244369507","-0.9876760244369507","-0.9876760244369507"
"417","-0.9876760244369507","-0.9876760244369507","-0.9876760244369507"
"418","-0.9876760244369507","-0.9876760244369507","-0.9876760244369507"
"419","-0.9876760244369507","-0.9876760244369507","-0.9876760244369507"
"420","-0.9995999932289124","-0.9995999932289124","-0.9995999932289124"
"421","-0.9995999932289124","-0.9995999932289124","-0.9995999932289124"
"422","-0.9995999932289124","-0.9995999932289124","-0.9995999932289124"
"423","-0.9995999932289124","-0.9995999932289124","-0.9995999932289124"
"424","-0.9995999932289124","-0.9995999932289124","-0.9995999932289124"
"425","-0.9995999932289124","-0.9995999932289124","-0.9995999932289124"
"426","-0.9995999932289124","-0.9995999932289124","-0.9995999932289124"
"427","-0.9995999932289124","-0.9995999932289124","-0.9995999932289124"
"428","-0.9995999932289124","-0.9995999932289124","-0.9995999932289124"
"429","-0.9995999932289124","-0.9995999932289124","-0.9995999932289124"
"430","-0.9995999932289124","-0.9995999932289124","-0.9995999932289124"
"431","-0.9995999932289124","-0.9995999932289124","-0.9995999932289124"
"432","-0.9995999932289124","-0.9995999932289124","-0.9995999932289124"
"433","-0.9995999932289124","-0.9995999932289124","-0.9995999932289124"
"434","-0.9995999932289124","-0.9995999932289124","-0.9995999932289124"
"435","-0.9995999932289124","-0.9995999932289124","-0.9995999932289124"
"436","-0.9995999932289124","-0.9995999932289124","-0.9995999932289124"
"437","-0.9995999932289124","-0.9995999932289124","-0.9995999932289124"
"438","-0.9995999932289124","-0.9995999932289124","-0.9995999932289124"
"439","-0.9995999932289124","-0.9995999932289124","-0.9995999932289124"
"440","-0.9995999932289124","-0.9995999932289124","-0.9995999932289124"
"441","-0.9995999932289124","-0.9995999932289124","-0.9995999932289124"
"442","-0.9995999932289124","-0.9995999932289124","-0.9995999932289124"
"443","-0.9995999932289124","-0.9995999932289124","-0.9995999932289124"
"444","-0.9995999932289124","-0.9995999932289124","-0.9995999932289124"
"445","-0.9995999932289124","-0.9995999932289124","-0.9995999932289124"
"446","-0.9995999932289124","-0.9995999932289124","-0.9995999932289124"
"447","-0.9995999932289124","-0.9995999932289124","-0.9995999932289124"
"448","-0.9995999932289124","-0.9995999932289124","-0.9995999932289124"
"449","-0.9995999932289124","-0.9995999932289124","-0.9995999932289124"
"450","-0.9995999932289124","-0.9995999932289124","-0.9995999932289124"
"451","-0.9995999932289124","-0.9995999932289124","-0.9995999932289124"
"452","-0.9995999932289124","-0.9995999932289124","-0.9995999932289124"
"453","-0.9995999932289124","-0.9995999932289124","-0.9995999932289124"
"454","-0.9995999932289124","-0.9995999932289124","-0.9995999932289124"
"455","-0.9995999932289124","-0.9995999932289124","-0.9995999932289124"
"456","-0.9995999932289124","-0.9995999932289124","-0.9995999932289124"
"457","-0.9995999932289124","-0.9995999932289124","-0.9995999932289124"
"458","-0.9995999932289124","-0.9995999932289124","-0.9995999932289124"
"459","-0.9995999932289124","-0.9995999932289124","-0.9995999932289124"
"460","-0.9995999932289124","-0.9995999932289124","-0.9995999932289124"
"461","-0.9995999932289124","-0.9995999932289124","-0.9995999932289124"
"462","-0.9995999932289124","-0.9995999932289124","-0.9995999932289124"
"463","-0.9995999932289124","-0.9995999932289124","-0.9995999932289124"
"464","-0.9995999932289124","-0.9995999932289124","-0.9995999932289124"
"465","-0.9995999932289124","-0.9995999932289124","-0.9995999932289124"
"466","-0.9995999932289124","-0.9995999932289124","-0.9995999932289124"
"467","-0.9995999932289124","-0.9995999932289124","-0.9995999932289124"
"468","-0.9995999932289124","-0.9995999932289124","-0.9995999932289124"
"469","-0.9995999932289124","-0.9995999932289124","-0.9995999932289124"
"470","-0.9995999932289124","-0.9995999932289124","-0.9995999932289124"
"471","-0.9995999932289124","-0.9995999932289124","-0.9995999932289124"
"472","-0.9995999932289124","-0.9995999932289124","-0.9995999932289124"
"473","-0.9995999932289124","-0.9995999932289124","-0.9995999932289124"
"474","-0.9995999932289124","-0.9995999932289124","-0.9995999932289124"
"475","-0.9995999932289124","-0.9995999932289124","-0.9995999932289124"
"476","-0.9995999932289124","-0.9995999932289124","-0.9995999932289124"
"477","-0.9995999932289124","-0.9995999932289124","-0.9995999932289124"
"478","-0.9995999932289124","-0.9995999932289124","-0.9995999932289124"
"479","-0.9995999932289124","-0.9995999932289124","-0.9995999932289124"
"480","-0.9995999932289124","-0.9995999932289124","-0.9995999932289124"
"481","-0.9995999932289124","-0.9995999932289124","-0.9995999932289124"
"482","-0.9995999932289124","-0.9995999932289124","-0.9995999932289124"
"483","-0.9995999932289124","-0.9995999932289124","-0.9995999932289124"
"484","-0.9995999932289124","-0.9995999932289124","-0.9995999932289124"
"485","-0.9995999932289124","-0.9995999932289124","-0.9995999932289124"
"486","-0.9995999932289124","-0.9995999932289124","-0.9995999932289124"
"487","-0.9995999932289124","-0.9995999932289124","-0.9995999932289124"
"488","-0.9995999932289124","-0.9995999932289124","-0.9995999932289124"
"489","-0.9995999932289124","-0.9995999932289124","-0.9995999932289124"
"490","-0.9995999932289124","-0.9995999932289124","-0.9995999932289124"
"491","-0.9995999932289124","-0.9995999932289124","-0.9995999932289124"
"492","-0.9995999932289124","-0.9995999932289124","-0.9995999932289124"
"493","-0.9995999932289124","-0.9995999932289124","-0.9995999932289124"
"494","-0.9995999932289124","-0.9995999932289124","-0.9995999932289124"
"495","-0.9995999932289124","-0.9995999932289124","-0.9995999932289124"
"496","-0.9995999932289124","-0.9995999932289124","-0.9995999932289124"
"497","-0.9995999932289124","-0.9995999932289124","-0.9995999932289124"
"498","-0.9995999932289124","-0.9995999932289124","-0.9995999932289124"
"499","-0.9995999932289124","-0.9995999932289124","-0.9995999932289124"
"500","-0.9995999932289124","-0.9995999932289124","-0.9995999932289124"
"501","-0.9995999932289124","-0.9995999932289124","-0.9995999932289124"
"502","-0.9995999932289124","-0.9995999932289124","-0.9995999932289124"
"503","-0.9995999932289124","-0.9995999932289124","-0.9995999932289124"
"504","-0.9995999932289124","-0.9995999932289124","-0.9995999932289124"
"505","-0.9995999932289124","-0.9995999932289124","-0.9995999932289124"
"506","-0.9995999932289124","-0.9995999932289124","-0.9995999932289124"
"507","-0.9995999932289124","-0.9995999932289124","-0.9995999932289124"
"508","-0.9995999932289124","-0.9995999932289124","-0.9995999932289124"
"509","-0.9995999932289124","-0.9995999932289124","-0.9995999932289124"
"510","-0.9995999932289124","-0.9995999932289124","-0.9995999932289124"
"511","-0.9995999932289124","-0.9995999932289124","-0.9995999932289124"
"512","-0.9995999932289124","-0.9995999932289124","-0.9995999932289124"
"513","-0.9995999932289124","-0.9995999932289124","-0.9995999932289124"
"514","-0.9995999932289124","-0.9995999932289124","-0.9995999932289124"
"515","-0.9995999932289124","-0.9995999932289124","-0.9995999932289124"
"516","-0.9995999932289124","-0.9995999932289124","-0.9995999932289124"
"517","-0.9995999932289124","-0.9995999932289124","-0.9995999932289124"
"518","-0.9995999932289124","-0.9995999932289124","-0.9995999932289124"
"519","-0.9995999932289124","-0.9995999932289124","-0.9995999932289124"
"520","-0.9995999932289124","-0.9995999932289124","-0.9995999932289124"
"521","-0.9995999932289124","-0.9995999932289124","-0.9995999932289124"
"522","-0.9995999932289124","-0.9995999932289124","-0.9995999932289124"
"523","-0.9995999932289124","-0.9995999932289124","-0.9995999932289124"
"524","-0.9995999932289124","-0.9995999932289124","-0.9995999932289124"
"525","-0.9995999932289124","-0.9995999932289124","-0.9995999932289124"
"526","-0.9995999932289124","-0.9995999932289124","-0.9995999932289124"
"527","-0.9995999932289124","-0.9995999932289124","-0.9995999932289124"
"528","-0.9995999932289124","-0.9995999932289124","-0.9995999932289124"
"529","-0.9995999932289124","-0.9995999932289124","-0.9995999932289124"
"530","-0.9995999932289124","-0.9995999932289124","-0.9995999932289124"
"531","-0.9995999932289124","-0.9995999932289124","-0.9995999932289124"
"532","-0.9995999932289124","-0.9995999932289124","-0.9995999932289124"
"533","-0.9995999932289124","-0.9995999932289124","-0.9995999932289124"
"534","-0.9995999932289124","-0.9995999932289124","-0.9995999932289124"
"535","-0.9995999932289124","-0.9995999932289124","-0.9995999932289124"
"536","-0.9995999932289124","-0.9995999932289124","-0.9995999932289124"
"537","-0.9995999932289124","-0.9995999932289124","-0.9995999932289124"
"538","-0.9995999932289124","-0.9995999932289124","-0.9995999932289124"
"539","-0.9995999932289124","-0.9995999932289124","-0.9995999932289124"
"540","-0.9995999932289124","-0.9995999932289124","-0.9995999932289124"
"541","-0.9995999932289124","-0.9995999932289124","-0.9995999932289124"
"542","-0.9995999932289124","-0.9995999932289124","-0.9995999932289124"
"543","-0.9995999932289124","-0.9995999932289124","-0.9995999932289124"
"544","-0.9995999932289124","-0.9995999932289124","-0.9995999932289124"
"545","-0.9995999932289124","-0.9995999932289124","-0.9995999932289124"
"546","-0.9995999932289124","-0.9995999932289124","-0.9995999932289124"
"547","-0.9995999932289124","-0.9995999932289124","-0.9995999932289124"
"548","-0.9995999932289124","-0.9995999932289124","-0.9995999932289124"
"549","-0.9995999932289124","-0.9995999932289124","-0.9995999932289124"
"550","-0.9995999932289124","-0.9995999932289124","-0.9995999932289124"
"551","-0.9995999932289124","-0.9995999932289124","-0.9995999932289124"
"552","-0.9995999932289124","-0.9995999932289124","-0.9995999932289124"
"553","-0.9995999932289124","-0.9995999932289124","-0.9995999932289124"
"554","-0.9995999932289124","-0.9995999932289124","-0.9995999932289124"
"555","-0.9995999932289124","-0.9995999932289124","-0.9995999932289124"
"556","-0.9995999932289124","-0.9995999932289124","-0.9995999932289124"
"557","-0.9995999932289124","-0.9995999932289124","-0.9995999932289124"
"558","-0.9995999932289124","-0.9995999932289124","-0.9995999932289124"
"559","-0.9995999932289124","-0.9995999932289124","-0.9995999932289124"
"560","-0.9995999932289124","-0.9995999932289124","-0.9995999932289124"
"561","-0.9995999932289124","-0.9995999932289124","-0.9995999932289124"
"562","-0.9850720167160034","-0.9850720167160034","-0.9850720167160034"
"563","-0.9850720167160034","-0.9850720167160034","-0.9850720167160034"
"564","-0.9850720167160034","-0.9850720167160034","-0.9850720167160034"
"565","-0.9850720167160034","-0.9850720167160034","-0.9850720167160034"
"566","-0.9850720167160034","-0.9850720167160034","-0.9850720167160034"
"567","-0.9850720167160034","-0.9850720167160034","-0.9850720167160034"
"568","-0.9850720167160034","-0.9850720167160034","-0.9850720167160034"
"569","-0.9850720167160034","-0.9850720167160034","-0.9850720167160034"
"570","-0.9850720167160034","-0.9850720167160034","-0.9850720167160034"
"571","-0.9850720167160034","-0.9850720167160034","-0.9850720167160034"
"572","-0.9850720167160034","-0.9850720167160034","-0.9850720167160034"
"573","-0.9850720167160034","-0.9850720167160034","-0.9850720167160034"
"574","-0.9850720167160034","-0.9850720167160034","-0.9850720167160034"
"575","-0.9850720167160034","-0.9850720167160034","-0.9850720167160034"
"576","-0.9850720167160034","-0.9850720167160034","-0.9850720167160034"
"577","-0.9850720167160034","-0.9850720167160034","-0.9850720167160034"
"578","-0.9850720167160034","-0.9850720167160034","-0.9850720167160034"
"579","-0.9850720167160034","-0.9850720167160034","-0.9850720167160034"
"580","-0.9850720167160034","-0.9850720167160034","-0.9850720167160034"
"581","-0.9850720167160034","-0.9850720167160034","-0.9850720167160034"
"582","-0.9850720167160034","-0.9850720167160034","-0.9850720167160034"
"583","-0.9850720167160034","-0.9850720167160034","-0.9850720167160034"
"584","-0.9850720167160034","-0.9850720167160034","-0.9850720167160034"
"585","-0.9850720167160034","-0.9850720167160034","-0.9850720167160034"
"586","-0.9850720167160034","-0.9850720167160034","-0.9850720167160034"
"587","-0.9850720167160034","-0.9850720167160034","-0.9850720167160034"
"588","-0.9850720167160034","-0.9850720167160034","-0.9850720167160034"
"589","-0.9850720167160034","-0.9850720167160034","-0.9850720167160034"
"590","-0.9850720167160034","-0.9850720167160034","-0.9850720167160034"
"591","-0.9850720167160034","-0.9850720167160034","-0.9850720167160034"
"592","-0.9850720167160034","-0.9850720167160034","-0.9850720167160034"
"593","-0.9850720167160034","-0.9850720167160034","-0.9850720167160034"
"594","-0.9850720167160034","-0.9850720167160034","-0.9850720167160034"
"595","-0.9850720167160034","-0.9850720167160034","-0.9850720167160034"
"596","-0.9850720167160034","-0.9850720167160034","-0.9850720167160034"
"597","-0.9850720167160034","-0.9850720167160034","-0.9850720167160034"
"598","-0.9850720167160034","-0.9850720167160034","-0.9850720167160034"
"599","-0.9850720167160034","-0.9850720167160034","-0.9850720167160034"
"600","-0.9850720167160034","-0.9850720167160034","-0.9850720167160034"
"601","-0.9850720167160034","-0.9850720167160034","-0.9850720167160034"
"602","-0.9850720167160034","-0.9850720167160034","-0.9850720167160034"
"603","-0.9995999932289124","-0.9995999932289124","-0.9995999932289124"
"604","-0.9995999932289124","-0.9995999932289124","-0.9995999932289124"
"605","-0.9995999932289124","-0.9995999932289124","-0.9995999932289124"
"606","-0.9995999932289124","-0.9995999932289124","-0.9995999932289124"
"607","-0.9995999932289124","-0.9995999932289124","-0.9995999932289124"
"608","-0.9995999932289124","-0.9995999932289124","-0.9995999932289124"
"609","-0.9995999932289124","-0.9995999932289124","-0.9995999932289124"
"610","-0.9995999932289124","-0.9995999932289124","-0.9995999932289124"
"611","-0.9995999932289124","-0.9995999932289124","-0.9995999932289124"
"612","-0.9995999932289124","-0.9995999932289124","-0.9995999932289124"
"613","-0.9995999932289124","-0.9995999932289124","-0.9995999932289124"
"614","-0.9995999932289124","-0.9995999932289124","-0.9995999932289124"
"615","-0.9995999932289124","-0.9995999932289124","-0.9995999932289124"
"616","-0.9995999932289124","-0.9995999932289124","-0.9995999932289124"
"617","-0.9995999932289124","-0.9995999932289124","-0.9995999932289124"
"618","-0.9995999932289124","-0.9995999932289124","-0.9995999932289124"
"619","-0.9995999932289124","-0.9995999932289124","-0.9995999932289124"
"620","-0.9995999932289124","-0.9995999932289124","-0.9995999932289124"
"621","-0.9995999932289124","-0.9995999932289124","-0.9995999932289124"
"622","-0.9995999932289124","-0.9995999932289124","-0.9995999932289124"
"623","-0.9995999932289124","-0.9995999932289124","-0.9995999932289124"
"624","-0.9995999932289124","-0.9995999932289124","-0.9995999932289124"
"625","-0.9995999932289124","-0.9995999932289124","-0.9995999932289124"
"626","-0.9995999932289124","-0.9995999932289124","-0.9995999932289124"
"627","-0.9995999932289124","-0.9995999932289124","-0.9995999932289124"
"628","-0.9995999932289124","-0.9995999932289124","-0.9995999932289124"
"629","-0.9995999932289124","-0.9995999932289124","-0.9995999932289124"
"630","-0.9995999932289124","-0.9995999932289124","-0.9995999932289124"
"631","-0.9995999932289124","-0.9995999932289124","-0.9995999932289124"
"632","-0.9995999932289124","-0.9995999932289124","-0.9995999932289124"
"633","-0.9995999932289124","-0.9995999932289124","-0.9995999932289124"
"634","-0.9995999932289124","-0.9995999932289124","-0.9995999932289124"
"635","-0.9995999932289124","-0.9995999932289124","-0.9995999932289124"
"636","-0.9995999932289124","-0.9995999932289124","-0.9995999932289124"
"637","-0.9995999932289124","-0.9995999932289124","-0.9995999932289124"
"638","-0.9995999932289124","-0.9995999932289124","-0.9995999932289124"
"639","-0.9995999932289124","-0.9995999932289124","-0.9995999932289124"
"640","-0.9995999932289124","-0.9995999932289124","-0.9995999932289124"
"641","-0.9995999932289124","-0.9995999932289124","-0.9995999932289124"
"642","-0.9995999932289124","-0.9995999932289124","-0.9995999932289124"
"643","-0.9995999932289124","-0.9995999932289124","-0.9995999932289124"
"644","-0.9995999932289124","-0.9995999932289124","-0.9995999932289124"
"645","-0.9995999932289124","-0.9995999932289124","-0.9995999932289124"
"646","-0.9995999932289124","-0.9995999932289124","-0.9995999932289124"
"647","-0.9995999932289124","-0.9995999932289124","-0.9995999932289124"
"648","-0.9995999932289124","-0.9995999932289124","-0.9995999932289124"
"649","-0.9995999932289124","-0.9995999932289124","-0.9995999932289124"
"650","-0.9995999932289124","-0.9995999932289124","-0.9995999932289124"
"651","-0.9995999932289124","-0.9995999932289124","-0.9995999932289124"
"652","-0.9995999932289124","-0.9995999932289124","-0.9995999932289124"
"653","-0.9995999932289124","-0.9995999932289124","-0.9995999932289124"
"654","-0.9995999932289124","-0.9995999932289124","-0.9995999932289124"
"655","-0.9995999932289124","-0.9995999932289124","-0.9995999932289124"
"656","-0.9995999932289124","-0.9995999932289124","-0.9995999932289124"
"657","-0.9995999932289124","-0.9995999932289124","-0.9995999932289124"
"658","-0.9995999932289124","-0.9995999932289124","-0.9995999932289124"
"659","-0.9995999932289124","-0.9995999932289124","-0.9995999932289124"
"660","-0.9995999932289124","-0.9995999932289124","-0.9995999932289124"
"661","-0.9995999932289124","-0.9995999932289124","-0.9995999932289124"
"662","-0.9995999932289124","-0.9995999932289124","-0.9995999932289124"
"663","-0.9995999932289124","-0.9995999932289124","-0.9995999932289124"
"664","-0.9995999932289124","-0.9995999932289124","-0.9995999932289124"
"665","-0.9995999932289124","-0.9995999932289124","-0.9995999932289124"
"666","-0.9995999932289124","-0.9995999932289124","-0.9995999932289124"
"667","-0.9995999932289124","-0.9995999932289124","-0.9995999932289124"
"668","-0.9995999932289124","-0.9995999932289124","-0.9995999932289124"
"669","-0.9995999932289124","-0.9995999932289124","-0.9995999932289124"
"670","-0.9995999932289124","-0.9995999932289124","-0.9995999932289124"
"671","-0.9995999932289124","-0.9995999932289124","-0.9995999932289124"
"672","-0.9995999932289124","-0.9995999932289124","-0.9995999932289124"
"673","-0.9995999932289124","-0.9995999932289124","-0.9995999932289124"
"674","-0.9995999932289124","-0.9995999932289124","-0.9995999932289124"
"675","-0.9995999932289124","-0.9995999932289124","-0.9995999932289124"
"676","-0.9995999932289124","-0.9995999932289124","-0.9995999932289124"
"677","-0.9995999932289124","-0.9995999932289124","-0.9995999932289124"
"678","-0.9995999932289124","-0.9995999932289124","-0.9995999932289124"
"679","-0.9995999932289124","-0.9995999932289124","-0.9995999932289124"
"680","-0.9995999932289124","-0.9995999932289124","-0.9995999932289124"
"681","-0.9995999932289124","-0.9995999932289124","-0.9995999932289124"
"682","-0.9995999932289124","-0.9995999932289124","-0.9995999932289124"
"683","-0.9995999932289124","-0.9995999932289124","-0.9995999932289124"
"684","-0.9995999932289124","-0.9995999932289124","-0.9995999932289124"
"685","-0.9995999932289124","-0.9995999932289124","-0.9995999932289124"
"686","-0.9995999932289124","-0.9995999932289124","-0.9995999932289124"
"687","-0.9995999932289124","-0.9995999932289124","-0.9995999932289124"
"688","-0.9995999932289124","-0.9995999932289124","-0.9995999932289124"
"689","-0.9995999932289124","-0.9995999932289124","-0.9995999932289124"
"690","-0.9995999932289124","-0.9995999932289124","-0.9995999932289124"
"691","-0.9995999932289124","-0.9995999932289124","-0.9995999932289124"
"692","-0.9995999932289124","-0.9995999932289124","-0.9995999932289124"
"693","-0.9995999932289124","-0.9995999932289124","-0.9995999932289124"
"694","-0.9995999932289124","-0.9995999932289124","-0.9995999932289124"
"695","-0.9995999932289124","-0.9995999932289124","-0.9995999932289124"
"696","-0.9995999932289124","-0.9995999932289124","-0.9995999932289124"
"697","-0.9995999932289124","-0.9995999932289124","-0.9995999932289124"
"698","-0.9995999932289124","-0.9995999932289124","-0.9995999932289124"
"699","-0.9995999932289124","-0.9995999932289124","-0.9995999932289124"
"700","-0.9995999932289124","-0.9995999932289124","-0.9995999932289124"
"701","-0.9995999932289124","-0.9995999932289124","-0.9995999932289124"
"702","-0.9995999932289124","-0.9995999932289124","-0.9995999932289124"
"703","-0.9995999932289124","-0.9995999932289124","-0.9995999932289124"
"704","-0.9995999932289124","-0.9995999932289124","-0.9995999932289124"
"705","-0.9995999932289124","-0.9995999932289124","-0.9995999932289124"
"706","-0.9995999932289124","-0.9995999932289124","-0.9995999932289124"
"707","-0.9995999932289124","-0.9995999932289124","-0.9995999932289124"
"708","-0.9995999932289124","-0.9995999932289124","-0.9995999932289124"
"709","-0.9995999932289124","-0.9995999932289124","-0.9995999932289124"
"710","-0.9995999932289124","-0.9995999932289124","-0.9995999932289124"
"711","-0.9995999932289124","-0.9995999932289124","-0.9995999932289124"
"712","-0.9995999932289124","-0.9995999932289124","-0.9995999932289124"
"713","-0.9995999932289124","-0.9995999932289124","-0.9995999932289124"
"714","-0.9995999932289124","-0.9995999932289124","-0.9995999932289124"
"715","-0.9995999932289124","-0.9995999932289124","-0.9995999932289124"
"716","-0.9995999932289124","-0.9995999932289124","-0.9995999932289124"
"717","-0.9995999932289124","-0.9995999932289124","-0.9995999932289124"
"718","-0.9995999932289124","-0.9995999932289124","-0.9995999932289124"
"719","-0.9995999932289124","-0.9995999932289124","-0.9995999932289124"
"720","-0.9995999932289124","-0.9995999932289124","-0.9995999932289124"
"721","-0.9995999932289124","-0.9995999932289124","-0.9995999932289124"
"722","-0.9995999932289124","-0.9995999932289124","-0.9995999932289124"
"723","-0.9995999932289124","-0.9995999932289124","-0.9995999932289124"
"724","-0.9995999932289124","-0.9995999932289124","-0.9995999932289124"
"725","-0.9995999932289124","-0.9995999932289124","-0.9995999932289124"
"726","-0.9995999932289124","-0.9995999932289124","-0.9995999932289124"
"727","-0.9995999932289124","-0.9995999932289124","-0.9995999932289124"
"728","-0.9995999932289124","-0.9995999932289124","-0.9995999932289124"
"729","-0.9995999932289124","-0.9995999932289124","-0.9995999932289124"
"730","-0.9995999932289124","-0.9995999932289124","-0.9995999932289124"
"731","-0.9995999932289124","-0.9995999932289124","-0.9995999932289124"
"732","-0.9995999932289124","-0.9995999932289124","-0.9995999932289124"
"733","-0.9995999932289124","-0.9995999932289124","-0.9995999932289124"
"734","-0.9995999932289124","-0.9995999932289124","-0.9995999932289124"
"735","-0.9995999932289124","-0.9995999932289124","-0.9995999932289124"
"736","-0.9995999932289124","-0.9995999932289124","-0.9995999932289124"
"737","-0.9995999932289124","-0.9995999932289124","-0.9995999932289124"
"738","-0.9995999932289124","-0.9995999932289124","-0.9995999932289124"
"739","-0.9995999932289124","-0.9995999932289124","-0.9995999932289124"
"740","-0.9995999932289124","-0.9995999932289124","-0.9995999932289124"
"741","-0.9995999932289124","-0.9995999932289124","-0.9995999932289124"
"742","-0.9995999932289124","-0.9995999932289124","-0.9995999932289124"
"743","-0.9995999932289124","-0.9995999932289124","-0.9995999932289124"
"744","-0.9995999932289124","-0.9995999932289124","-0.9995999932289124"
"745","-0.9995999932289124","-0.9995999932289124","-0.9995999932289124"
"746","-0.9995999932289124","-0.9995999932289124","-0.9995999932289124"
"747","-0.9995999932289124","-0.9995999932289124","-0.9995999932289124"
"748","-0.9995999932289124","-0.9995999932289124","-0.9995999932289124"
"749","-0.9995999932289124","-0.9995999932289124","-0.9995999932289124"
"750","-0.9995999932289124","-0.9995999932289124","-0.9995999932289124"
"751","-0.9995999932289124","-0.9995999932289124","-0.9995999932289124"
"752","-0.9995999932289124","-0.9995999932289124","-0.9995999932289124"
"753","-0.9995999932289124","-0.9995999932289124","-0.9995999932289124"
"754","-0.9995999932289124","-0.9995999932289124","-0.9995999932289124"
"755","-0.9995999932289124","-0.9995999932289124","-0.9995999932289124"
"756","-0.9995999932289124","-0.9995999932289124","-0.9995999932289124"
"757","-0.9995999932289124","-0.9995999932289124","-0.9995999932289124"
"758","-0.9995999932289124","-0.9995999932289124","-0.9995999932289124"
"759","-0.9995999932289124","-0.9995999932289124","-0.9995999932289124"
"760","-0.9995999932289124","-0.9995999932289124","-0.9995999932289124"
"761","-0.9995999932289124","-0.9995999932289124","-0.9995999932289124"
"762","-0.9995999932289124","-0.9995999932289124","-0.9995999932289124"
"763","-0.9995999932289124","-0.9995999932289124","-0.9995999932289124"
"764","-0.9995999932289124","-0.9995999932289124","-0.9995999932289124"
"765","-0.9995999932289124","-0.9995999932289124","-0.9995999932289124"
"766","-0.9995999932289124","-0.9995999932289124","-0.9995999932289124"
"767","-0.9995999932289124","-0.9995999932289124","-0.9995999932289124"
"768","-0.9995999932289124","-0.9995999932289124","-0.9995999932289124"
"769","-0.9995999932289124","-0.9995999932289124","-0.9995999932289124"
"770","-0.9995999932289124","-0.9995999932289124","-0.9995999932289124"
"771","-0.9995999932289124","-0.9995999932289124","-0.9995999932289124"
"772","-0.9995999932289124","-0.9995999932289124","-0.9995999932289124"
"773","-0.9995999932289124","-0.9995999932289124","-0.9995999932289124"
"774","-0.9995999932289124","-0.9995999932289124","-0.9995999932289124"
"775","-0.9995999932289124","-0.9995999932289124","-0.9995999932289124"
"776","-0.9995999932289124","-0.9995999932289124","-0.9995999932289124"
"777","-0.9995999932289124","-0.9995999932289124","-0.9995999932289124"
"778","-0.9995999932289124","-0.9995999932289124","-0.9995999932289124"
"779","-0.9995999932289124","-0.9995999932289124","-0.9995999932289124"
"780","-0.9995999932289124","-0.9995999932289124","-0.9995999932289124"
"781","-0.9995999932289124","-0.9995999932289124","-0.9995999932289124"
"782","-0.9995999932289124","-0.9995999932289124","-0.9995999932289124"
"783","-0.9995999932289124","-0.9995999932289124","-0.9995999932289124"
"784","-0.9995999932289124","-0.9995999932289124","-0.9995999932289124"
"785","-0.9995999932289124","-0.9995999932289124","-0.9995999932289124"
"786","-0.9995999932289124","-0.9995999932289124","-0.9995999932289124"
"787","-0.9995999932289124","-0.9995999932289124","-0.9995999932289124"
"788","-0.9995999932289124","-0.9995999932289124","-0.9995999932289124"
"789","-0.9995999932289124","-0.9995999932289124","-0.9995999932289124"
"790","-0.9995999932289124","-0.9995999932289124","-0.9995999932289124"
"791","-0.9995999932289124","-0.9995999932289124","-0.9995999932289124"
"792","-0.9995999932289124","-0.9995999932289124","-0.9995999932289124"
"793","-0.9995999932289124","-0.9995999932289124","-0.9995999932289124"
"794","-0.9995999932289124","-0.9995999932289124","-0.9995999932289124"
"795","-0.9805200099945068","-0.9805200099945068","-0.9805200099945068"
"796","-0.9805200099945068","-0.9805200099945068","-0.9805200099945068"
"797","-0.9805200099945068","-0.9805200099945068","-0.9805200099945068"
"798","-0.9805200099945068","-0.9805200099945068","-0.9805200099945068"
"799","-0.9805200099945068","-0.9805200099945068","-0.9805200099945068"
"800","-0.9805200099945068","-0.9805200099945068","-0.9805200099945068"
"801","-0.9805200099945068","-0.9805200099945068","-0.9805200099945068"
"802","-0.9805200099945068","-0.9805200099945068","-0.9805200099945068"
"803","-0.9805200099945068","-0.9805200099945068","-0.9805200099945068"
"804","-0.9805200099945068","-0.9805200099945068","-0.9805200099945068"
"805","-0.9805200099945068","-0.9805200099945068","-0.9805200099945068"
"806","-0.9805200099945068","-0.9805200099945068","-0.9805200099945068"
"807","-0.9805200099945068","-0.9805200099945068","-0.9805200099945068"
"808","-0.9805200099945068","-0.9805200099945068","-0.9805200099945068"
"809","-0.9805200099945068","-0.9805200099945068","-0.9805200099945068"
"810","-0.9805200099945068","-0.9805200099945068","-0.9805200099945068"
"811","-0.9805200099945068","-0.9805200099945068","-0.9805200099945068"
"812","-0.9805200099945068","-0.9805200099945068","-0.9805200099945068"
"813","-0.9805200099945068","-0.9805200099945068","-0.9805200099945068"
"814","-0.9805200099945068","-0.9805200099945068","-0.9805200099945068"
"815","-0.9805200099945068","-0.9805200099945068","-0.9805200099945068"
"816","-0.9805200099945068","-0.9805200099945068","-0.9805200099945068"
"817","-0.9805200099945068","-0.9805200099945068","-0.9805200099945068"
"818","-0.9805200099945068","-0.9805200099945068","-0.9805200099945068"
"819","-0.9805200099945068","-0.9805200099945068","-0.9805200099945068"
"820","-0.9805200099945068","-0.9805200099945068","-0.9805200099945068"
"821","-0.9805200099945068","-0.9805200099945068","-0.9805200099945068"
"822","-0.9805200099945068","-0.9805200099945068","-0.9805200099945068"
"823","-0.9805200099945068","-0.9805200099945068","-0.9805200099945068"
"824","-0.9805200099945068","-0.9805200099945068","-0.9805200099945068"
"825","-0.9805200099945068","-0.9805200099945068","-0.9805200099945068"
"826","-0.9805200099945068","-0.9805200099945068","-0.9805200099945068"
"827","-0.9805200099945068","-0.9805200099945068","-0.9805200099945068"
"828","-0.9805200099945068","-0.9805200099945068","-0.9805200099945068"
"829","-0.9805200099945068","-0.9805200099945068","-0.9805200099945068"
"830","-0.9805200099945068","-0.9805200099945068","-0.9805200099945068"
"831","-0.9805200099945068","-0.9805200099945068","-0.9805200099945068"
"832","-0.9805200099945068","-0.9805200099945068","-0.9805200099945068"
"833","-0.9805200099945068","-0.9805200099945068","-0.9805200099945068"
"834","-0.9805200099945068","-0.9805200099945068","-0.9805200099945068"
"835","-0.9805200099945068","-0.9805200099945068","-0.9805200099945068"
"836","-0.9995999932289124","-0.9995999932289124","-0.9995999932289124"
"837","-0.9995999932289124","-0.9995999932289124","-0.9995999932289124"
"838","-0.9995999932289124","-0.9995999932289124","-0.9995999932289124"
"839","-0.9995999932289124","-0.9995999932289124","-0.9995999932289124"
"840","-0.9995999932289124","-0.9995999932289124","-0.9995999932289124"
"841","-0.9995999932289124","-0.9995999932289124","-0.9995999932289124"
"842","-0.9995999932289124","-0.9995999932289124","-0.9995999932289124"
"843","-0.9995999932289124","-0.9995999932289124","-0.9995999932289124"
"844","-0.9995999932289124","-0.9995999932289124","-0.9995999932289124"
"845","-0.9995999932289124","-0.9995999932289124","-0.9995999932289124"
"846","-0.9995999932289124","-0.9995999932289124","-0.9995999932289124"
"847","-0.9995999932289124","-0.9995999932289124","-0.9995999932289124"
"848","-0.9995999932289124","-0.9995999932289124","-0.9995999932289124"
"849","-0.9995999932289124","-0.9995999932289124","-0.9995999932289124"
"850","-0.9995999932289124","-0.9995999932289124","-0.9995999932289124"
"851","-0.9995999932289124","-0.9995999932289124","-0.9995999932289124"
"852","-0.9995999932289124","-0.9995999932289124","-0.9995999932289124"
"853","-0.9995999932289124","-0.9995999932289124","-0.9995999932289124"
"854","-0.9995999932289124","-0.9995999932289124","-0.9995999932289124"
"855","-0.9879480004310608","-0.9879480004310608","-0.9879480004310608"
"856","-0.9879480004310608","-0.9879480004310608","-0.9879480004310608"
"857","-0.9879480004310608","-0.9879480004310608","-0.9879480004310608"
"858","-0.9879480004310608","-0.9879480004310608","-0.9879480004310608"
"859","-0.9879480004310608","-0.9879480004310608","-0.9879480004310608"
"860","-0.9879480004310608","-0.9879480004310608","-0.9879480004310608"
"861","-0.9879480004310608","-0.9879480004310608","-0.9879480004310608"
"862","-0.9879480004310608","-0.9879480004310608","-0.9879480004310608"
"863","-0.9879480004310608","-0.9879480004310608","-0.9879480004310608"
"864","-0.9879480004310608","-0.9879480004310608","-0.9879480004310608"
"865","-0.9879480004310608","-0.9879480004310608","-0.9879480004310608"
"866","-0.9879480004310608","-0.9879480004310608","-0.9879480004310608"
"867","-0.9879480004310608","-0.9879480004310608","-0.9879480004310608"
"868","-0.9879480004310608","-0.9879480004310608","-0.9879480004310608"
"869","-0.9879480004310608","-0.9879480004310608","-0.9879480004310608"
"870","-0.9879480004310608","-0.9879480004310608","-0.9879480004310608"
"871","-0.9879480004310608","-0.9879480004310608","-0.9879480004310608"
"872","-0.9879480004310608","-0.9879480004310608","-0.9879480004310608"
"873","-0.9879480004310608","-0.9879480004310608","-0.9879480004310608"
"874","-0.9879480004310608","-0.9879480004310608","-0.9879480004310608"
"875","-0.9879480004310608","-0.9879480004310608","-0.9879480004310608"
"876","-0.9879480004310608","-0.9879480004310608","-0.9879480004310608"
"877","-0.9879480004310608","-0.9879480004310608","-0.9879480004310608"
"878","-0.9879480004310608","-0.9879480004310608","-0.9879480004310608"
"879","-0.9879480004310608","-0.9879480004310608","-0.9879480004310608"
"880","-0.9879480004310608","-0.9879480004310608","-0.9879480004310608"
"881","-0.9879480004310608","-0.9879480004310608","-0.9879480004310608"
"882","-0.9879480004310608","-0.9879480004310608","-0.9879480004310608"
"883","-0.9879480004310608","-0.9879480004310608","-0.9879480004310608"
"884","-0.9879480004310608","-0.9879480004310608","-0.9879480004310608"
"885","-0.9879480004310608","-0.9879480004310608","-0.9879480004310608"
"886","-0.9879480004310608","-0.9879480004310608","-0.9879480004310608"
"887","-0.9879480004310608","-0.9879480004310608","-0.9879480004310608"
"888","-0.9879480004310608","-0.9879480004310608","-0.9879480004310608"
"889","-0.9879480004310608","-0.9879480004310608","-0.9879480004310608"
"890","-0.9879480004310608","-0.9879480004310608","-0.9879480004310608"
"891","-0.9879480004310608","-0.9879480004310608","-0.9879480004310608"
"892","-0.9879480004310608","-0.9879480004310608","-0.9879480004310608"
"893","-0.9879480004310608","-0.9879480004310608","-0.9879480004310608"
"894","-0.9879480004310608","-0.9879480004310608","-0.9879480004310608"
"895","-0.9879480004310608","-0.9879480004310608","-0.9879480004310608"
"896","-0.9995999932289124","-0.9995999932289124","-0.9995999932289124"
"897","-0.9995999932289124","-0.9995999932289124","-0.9995999932289124"
"898","-0.9995999932289124","-0.9995999932289124","-0.9995999932289124"
"899","-0.9995999932289124","-0.9995999932289124","-0.9995999932289124"
"900","-0.9995999932289124","-0.9995999932289124","-0.9995999932289124"
"901","-0.9995999932289124","-0.9995999932289124","-0.9995999932289124"
"902","-0.9995999932289124","-0.9995999932289124","-0.9995999932289124"
"903","-0.9995999932289124","-0.9995999932289124","-0.9995999932289124"
"904","-0.9995999932289124","-0.9995999932289124","-0.9995999932289124"
"905","-0.9995999932289124","-0.9995999932289124","-0.9995999932289124"
"906","-0.9995999932289124","-0.9995999932289124","-0.9995999932289124"
"907","-0.9995999932289124","-0.9995999932289124","-0.9995999932289124"
"908","-0.9995999932289124","-0.9995999932289124","-0.9995999932289124"
"909","-0.9995999932289124","-0.9995999932289124","-0.9995999932289124"
"910","-0.9995999932289124","-0.9995999932289124","-0.9995999932289124"
"911","-0.9995999932289124","-0.9995999932289124","-0.9995999932289124"
"912","-0.9995999932289124","-0.9995999932289124","-0.9995999932289124"
"913","-0.9995999932289124","-0.9995999932289124","-0.9995999932289124"
"914","-0.9995999932289124","-0.9995999932289124","-0.9995999932289124"
"915","-0.9995999932289124","-0.9995999932289124","-0.9995999932289124"
"916","-0.9995999932289124","-0.9995999932289124","-0.9995999932289124"
"917","-0.9995999932289124","-0.9995999932289124","-0.9995999932289124"
"918","-0.9995999932289124","-0.9995999932289124","-0.9995999932289124"
"919","-0.9995999932289124","-0.9995999932289124","-0.9995999932289124"
"920","-0.9995999932289124","-0.9995999932289124","-0.9995999932289124"
"921","-0.9995999932289124","-0.9995999932289124","-0.9995999932289124"
"922","-0.9995999932289124","-0.9995999932289124","-0.9995999932289124"
"923","-0.9995999932289124","-0.9995999932289124","-0.9995999932289124"
"924","-0.9995999932289124","-0.9995999932289124","-0.9995999932289124"
"925","-0.9995999932289124","-0.9995999932289124","-0.9995999932289124"
"926","-0.9995999932289124","-0.9995999932289124","-0.9995999932289124"
"927","-0.9995999932289124","-0.9995999932289124","-0.9995999932289124"
"928","-0.9995999932289124","-0.9995999932289124","-0.9995999932289124"
"929","-0.9995999932289124","-0.9995999932289124","-0.9995999932289124"
"930","-0.9995999932289124","-0.9995999932289124","-0.9995999932289124"
"931","-0.9995999932289124","-0.9995999932289124","-0.9995999932289124"
"932","-0.9995999932289124","-0.9995999932289124","-0.9995999932289124"
"933","-0.9995999932289124","-0.9995999932289124","-0.9995999932289124"
"934","-0.9995999932289124","-0.9995999932289124","-0.9995999932289124"
"935","-0.9995999932289124","-0.9995999932289124","-0.9995999932289124"
"936","-0.9995999932289124","-0.9995999932289124","-0.9995999932289124"
"937","-0.9995999932289124","-0.9995999932289124","-0.9995999932289124"
"938","-0.9995999932289124","-0.9995999932289124","-0.9995999932289124"
"939","-0.9995999932289124","-0.9995999932289124","-0.9995999932289124"
"940","-0.9995999932289124","-0.9995999932289124","-0.9995999932289124"
"941","-0.9995999932289124","-0.9995999932289124","-0.9995999932289124"
"942","-0.9995999932289124","-0.9995999932289124","-0.9995999932289124"
"943","-0.9995999932289124","-0.9995999932289124","-0.9995999932289124"
"944","-0.9995999932289124","-0.9995999932289124","-0.9995999932289124"
"945","-0.9995999932289124","-0.9995999932289124","-0.9995999932289124"
"946","-0.9995999932289124","-0.9995999932289124","-0.9995999932289124"
"947","-0.9995999932289124","-0.9995999932289124","-0.9995999932289124"
"948","-0.9995999932289124","-0.9995999932289124","-0.9995999932289124"
"949","-0.9995999932289124","-0.9995999932289124","-0.9995999932289124"
"950","-0.9995999932289124","-0.9995999932289124","-0.9995999932289124"
"951","-0.9995999932289124","-0.9995999932289124","-0.9995999932289124"
"952","-0.9995999932289124","-0.9995999932289124","-0.9995999932289124"
"953","-0.9995999932289124","-0.9995999932289124","-0.9995999932289124"
"954","-0.9995999932289124","-0.9995999932289124","-0.9995999932289124"
"955","-0.9995999932289124","-0.9995999932289124","-0.9995999932289124"
"956","-0.9995999932289124","-0.9995999932289124","-0.9995999932289124"
"957","-0.9995999932289124","-0.9995999932289124","-0.9995999932289124"
"958","-0.9995999932289124","-0.9995999932289124","-0.9995999932289124"
"959","-0.9995999932289124","-0.9995999932289124","-0.9995999932289124"
"960","-0.9995999932289124","-0.9995999932289124","-0.9995999932289124"
"961","-0.9995999932289124","-0.9995999932289124","-0.9995999932289124"
"962","-0.9995999932289124","-0.9995999932289124","-0.9995999932289124"
"963","-0.9995999932289124","-0.9995999932289124","-0.9995999932289124"
"964","-0.9995999932289124","-0.9995999932289124","-0.9995999932289124"
"965","-0.9995999932289124","-0.9995999932289124","-0.9995999932289124"
"966","-0.9995999932289124","-0.9995999932289124","-0.9995999932289124"
"967","-0.9995999932289124","-0.9995999932289124","-0.9995999932289124"
"968","-0.9995999932289124","-0.9995999932289124","-0.9995999932289124"
"969","-0.9995999932289124","-0.9995999932289124","-0.9995999932289124"
"970","-0.9995999932289124","-0.9995999932289124","-0.9995999932289124"
"971","-0.9995999932289124","-0.9995999932289124","-0.9995999932289124"
"972","-0.9855239987373352","-0.9855239987373352","-0.9855239987373352"
"973","-0.9855239987373352","-0.9855239987373352","-0.9855239987373352"
"974","-0.9855239987373352","-0.9855239987373352","-0.9855239987373352"
"975","-0.9855239987373352","-0.9855239987373352","-0.9855239987373352"
"976","-0.9855239987373352","-0.9855239987373352","-0.9855239987373352"
"977","-0.9855239987373352","-0.9855239987373352","-0.9855239987373352"
"978","-0.9855239987373352","-0.9855239987373352","-0.9855239987373352"
"979","-0.9855239987373352","-0.9855239987373352","-0.9855239987373352"