"Step","Score_raw","Score_movingavg"
834,-0.999599950504489,-0.999599950504489
1101,NA,-0.999599950504489
1693,NA,-0.999599950504489
2284,0.509750169148901,-0.244924890677794
2381,NA,-0.244924890677794
2909,NA,-0.244924890677794
3118,-0.999599950504489,-0.496483243953359
3609,NA,-0.496483243953359
3952,-0.999599950504489,-0.622262420591142
4205,NA,-0.622262420591142
4786,-0.999599950504489,-0.697729926573811
4814,NA,-0.697729926573811
5422,NA,-0.697729926573811
5620,-0.999599950504489,-0.748041597228924
6149,NA,-0.748041597228924
6769,NA,-0.748041597228924
7147,2.6651002568251,-0.260449903792635
7488,NA,-0.260449903792635
7981,-0.999599950504489,-0.352843659631617
8015,NA,-0.352843659631617
8653,NA,-0.352843659631617
8815,-0.999599950504489,-0.424705469728603
9376,NA,-0.424705469728603
9649,-0.999599950504489,-0.482194917806191
10000,NA,-0.482194917806191
10555,NA,-0.482194917806191
10952,0.685350160463713,-0.376054456145291
11280,NA,-0.376054456145291
11786,-0.999599950504489,-0.428016580675224
11860,NA,-0.428016580675224
12488,NA,-0.428016580675224
12620,-0.999599950504489,-0.471984532200552
13211,NA,-0.471984532200552
13454,-0.999599950504489,-0.50967134779369
13837,NA,-0.50967134779369
14288,-0.999599950504489,-0.542333254641077
14454,NA,-0.542333254641077
15077,NA,-0.542333254641077
15122,-0.999599950504489,-0.57091242313254
15810,NA,-0.57091242313254
15956,-0.999599950504489,-0.596129336507361
16457,NA,-0.596129336507361
16790,-0.999599950504489,-0.618544370618312
17096,NA,-0.618544370618312
17726,NA,-0.618544370618312
18320,0.413750173902372,-0.564213078801434
18467,NA,-0.564213078801434
19017,NA,-0.564213078801434
19154,-0.999599950504489,-0.585982422386587
19753,NA,-0.585982422386587
19988,-0.999599950504489,-0.605678495154106
20319,NA,-0.605678495154106
20822,-0.999599950504489,-0.623584015851851
20963,NA,-0.623584015851851
21612,NA,-0.623584015851851
22349,NA,-0.623584015851851
22356,2.65590025729034,-0.480997743106538
23095,NA,-0.480997743106538
23654,NA,-0.480997743106538
24385,NA,-0.480997743106538
25135,NA,-0.480997743106538
25229,5.54460026463494,-0.229931159450643
25885,NA,-0.229931159450643
26347,NA,-0.229931159450643
26935,2.4495002675103,-0.122753902372206
27097,NA,-0.122753902372206
27653,NA,-0.122753902372206
27769,-0.999599950504489,-0.156478750377293
28390,NA,-0.156478750377293
28603,-0.999599950504489,-0.187705461493115
29049,NA,-0.187705461493115
29437,-0.999599950504489,-0.216701693243522
29709,NA,-0.216701693243522
30271,-0.999599950504489,-0.24369818487321
30301,NA,-0.24369818487321
30965,NA,-0.24369818487321
31695,11.7797003446904,0.157081766112243
31718,NA,0.157081766112243
32308,NA,0.157081766112243
33062,NA,0.157081766112243
33809,NA,0.157081766112243
33853,13.1458502330352,0.576074297303307
34551,NA,0.576074297303307
35019,NA,0.576074297303307
35751,NA,0.576074297303307
36196,15.1719998502522,1.03219697083296
36493,NA,1.03219697083296
36947,NA,1.03219697083296
37693,NA,1.03219697083296
38197,15.5828003067581,1.47312434464887
38447,NA,1.47312434464887
38948,NA,1.47312434464887
39693,NA,1.47312434464887
40369,NA,1.47312434464887
40537,17.4229506484699,1.94223688299655
41118,NA,1.94223688299655
41580,NA,1.94223688299655
42326,NA,1.94223688299655
42473,17.9085503859969,2.39841726879656
43074,NA,2.39841726879656
43597,NA,2.49835895171718
44352,NA,2.49835895171718
44382,15.6931998244545,2.87535440522396
45114,NA,2.94493100040264
45627,NA,2.94493100040264
46381,NA,2.94493100040264
46401,15.5603995926213,3.43198981049457
47141,NA,3.43198981049457
47172,21.5543000558391,4.09533981068115
47657,NA,4.09533981068115
48317,NA,4.24973192465647
49077,NA,4.24973192465647
49345,15.3755998401903,4.57696333393688
49839,NA,4.74595010013207
50238,NA,4.74595010013207
51000,NA,4.74595010013207
51420,17.7413496790105,5.2028061432286
51759,NA,5.2028061432286
52269,NA,5.39663133365776
53023,NA,5.39663133365776
53075,18.2457498924632,5.78599856271247
53774,NA,5.9980485162505
54317,NA,5.9980485162505
54659,18.3309506035002,6.60212822106315
55057,NA,6.60212822106315
55612,NA,6.60212822106315
56362,NA,6.79299202946958
56411,18.1285503751133,7.14722822777094
57103,NA,7.41002913674757
57675,NA,7.41002913674757
58061,13.7554504412692,7.60832355251387
58429,NA,7.88599850422414
58923,21.4450998228276,8.3097204204305
58978,NA,8.61002107755744
59628,NA,8.61002107755744
60317,NA,8.93034177849283
60760,18.0273499032774,9.22379365348588
61067,NA,9.22379365348588
61585,NA,9.56457344028556
62349,NA,9.56457344028556
62505,18.1373496594024,10.2024717606158
63105,NA,10.2024717606158
63254,21.5799003986176,10.9551217722532
63645,NA,10.9551217722532
64068,21.5027002968127,11.2953662407874
64316,NA,11.6580867763502
64973,NA,11.6580867763502
65740,NA,11.6580867763502
66111,17.7801506307733,12.2840784623928
66498,NA,12.2840784623928
66994,NA,12.7421363386996
67762,NA,12.7421363386996
68005,17.9585499066743,13.3958656441196
68524,NA,13.3958656441196
69053,NA,13.3958656441196
69643,16.0184005236079,13.4832834734358
69816,NA,13.8566415153719
70294,NA,13.8566415153719
71053,NA,13.8566415153719
71249,18.3037501280196,14.0048784691268
71820,NA,14.0048784691268
72382,NA,14.2966122003162
72430,21.0618997754063,14.5221217861525
73145,NA,14.5221217861525
73760,NA,14.9384190798988
74189,18.120950852317,15.0445034723127
74510,NA,15.0445034723127
75048,NA,15.5977484179271
75790,NA,15.5977484179271
76508,15.2007998488261,16.1563828937661
76532,NA,16.1563828937661
76987,NA,16.7690965667758
77734,NA,16.7690965667758
78244,15.9008005294309,17.372682298202
78489,NA,17.372682298202
79020,NA,17.372682298202
79773,NA,17.5798297779617
79837,18.3197498887894,17.6062554962056
80451,NA,17.6062554962056
81022,NA,17.6062554962056
81630,18.0801496622444,17.6225966743449
81785,NA,17.7824804758202
82318,NA,17.7824804758202
83082,NA,17.7824804758202
83254,18.2825496522128,17.7997242405234
83837,NA,17.8935715401759
84111,21.4511002993677,18.0162449456653
84397,NA,18.0162449456653
85055,NA,18.0162449456653
85188,21.186700246064,18.2094828746069
85821,NA,18.2094828746069
86452,NA,18.2094828746069
86867,18.2161501323571,18.2097051165319
87219,NA,18.2097051165319
87766,NA,18.2368345809478
87881,21.262699355022,18.3376967400836
88536,NA,18.3376967400836
88677,21.5242995804874,18.4404903800967
89171,NA,18.4582217132333
89533,21.4523000608897,18.5548048857384
89845,NA,18.5548048857384
90357,21.4906998205697,18.6465516024518
90429,NA,18.7418210146453
91088,NA,18.7418210146453
91846,NA,18.7418210146453
92239,13.4778499781678,18.5773219197554
92605,NA,18.6746419948242
93132,NA,18.6746419948242
93901,NA,18.5786533927904
94437,17.5933501631953,18.5468694176422
94669,NA,18.5468694176422
95149,NA,18.5468694176422
95915,NA,18.6525784035572
96255,13.5538499744143,18.4881032929397
96682,NA,18.4881032929397
97229,NA,18.4881032929397
97963,15.9336000509793,18.4297887888097
97989,NA,18.4297887888097
98514,NA,18.4297887888097
98709,21.5839004648151,18.5283547786848
99274,NA,18.5374710653372
99933,NA,18.5374710653372
100566,15.7548000598326,18.4505125964151
100618,NA,18.4543694348963
101133,NA,18.4543694348963
101343,21.5471002946142,18.5510172742624
101890,NA,18.5510172742624
102547,NA,18.5646452387511
103002,18.2409501311195,18.5545297666376
103309,NA,18.5545297666376
103853,NA,18.7093387771334
104610,NA,18.7093387771334
104687,15.961600287992,18.5324516953645
105373,NA,18.5324516953645
105921,NA,18.5324516953645
106277,16.0760005207558,18.455687596158
106681,NA,18.4695049410896
107233,NA,18.4695049410896
107929,16.0011993323569,18.3923703908167
107994,NA,18.3923703908167
108539,NA,18.4005968660236
108880,21.3374996953644,18.4923750794405
109302,NA,18.3927774884993
109644,21.562300227466,18.491825074092
109945,NA,18.3947000669075
110409,21.5615002939012,18.4936625740011
110541,NA,18.4936625740011
111203,NA,18.4936625740011
111438,21.2446995943319,18.6019297291123
111966,NA,18.6019297291123
112189,21.5779004651122,18.6921106605062
112606,NA,18.6921106605062
113277,NA,18.7150344340635
113799,16.0512002835749,18.634312187079
114040,NA,18.634312187079
114600,NA,18.7160594265624
115361,NA,18.7160594265624
115398,16.0644000445027,18.6357061119546
116120,NA,18.6357061119546
116691,NA,18.6460797364525
117007,18.3009501281485,18.6356212634736
117453,NA,18.6356212634736
118029,NA,18.5598000599757
118632,13.785850201326,18.4151349127439
118793,NA,18.4151349127439
119368,NA,18.4243281646322
119416,21.5387000566116,18.5187030704498
120135,NA,18.5187030704498
120742,NA,18.5187030704498
121069,18.2473503692308,18.6110227831893
121506,NA,18.6110227831893
122080,NA,18.6110227831893
122652,18.3321498881851,18.6028206392186
122845,NA,18.6847000364849
123389,NA,18.6847000364849
124144,NA,18.6847000364849
124252,16.0640000445128,18.6076206249563
124895,NA,18.6163439805977
125443,NA,18.6163439805977
125721,20.7167005741503,18.6781191745258
126198,NA,18.6962394627767
126766,NA,18.6962394627767
127310,18.3241501270095,18.6852956587836
127529,NA,18.6852956587836
128093,NA,18.6975000832251
128144,-0.999599950504489,18.1181736116448
128861,NA,18.017175833229
129510,9.60155025814311,17.7696574339617
129525,NA,17.7696574339617
130122,NA,17.6661106820799
130804,NA,17.6661106820799
131169,13.7454502033361,17.5507971385874
131565,NA,17.530634926655
132099,21.3635000652866,17.6433662542618
132137,NA,17.6433662542618
132781,NA,17.5336894936327
133533,NA,17.5336894936327
134305,NA,17.4089829284185
134468,17.3881504117744,17.4083516400353
135065,NA,17.2819782518836
135553,NA,17.2819782518836
136128,15.9912002865458,17.1101188914454
136313,NA,17.1101188914454
136861,NA,17.1101188914454
137629,NA,17.1101188914454
138082,17.8869501486479,17.2479032717729
138397,NA,17.2479032717729
138909,NA,17.2479032717729
139671,18.3249501269602,17.2805410552634
139680,NA,17.2707657706405
140249,NA,17.2707657706405
140951,NA,17.2707657706405
141339,15.9824002869718,17.2317243923475
141709,NA,17.346657967908
142263,NA,17.346657967908
143034,NA,17.346657967908
143058,11.4257001238002,17.2057860951836
143796,NA,17.2057860951836
144343,NA,17.2057860951836
144642,13.8350501988898,16.9636345243734
145112,NA,16.9636345243734
145677,NA,16.9636345243734
146344,15.9411995737464,16.9694595091833
146445,NA,16.9694595091833
146961,NA,16.9694595091833
147708,NA,16.8217936773952
147985,9.2707500361139,16.5858235636051
148461,NA,16.5858235636051
149043,NA,16.5324323840079
149707,15.9176000517618,16.5132188736252
149805,NA,16.5132188736252
150342,NA,16.5132188736252
151038,NA,16.5310130215488
151352,16.0092007624917,16.5147063884533
151789,NA,16.5147063884533
152325,NA,16.5288581906371
152983,18.2745503678743,16.5834110711758
153091,NA,16.5834110711758
153656,NA,16.6021920950086
154413,NA,16.6021920950086
154763,18.0949506151956,16.6488407987645
155176,NA,16.4975937375838
155709,NA,16.4975937375838
156417,18.2465491771582,16.3906340262836
156468,NA,16.3906340262836
157025,NA,16.218271817363
157789,NA,16.218271817363
158139,15.9168000518112,16.2085469217
158545,NA,16.0406751659456
159101,NA,16.0406751659456
159867,NA,15.8497363625261
160029,17.9637499064265,15.9202034806561
160629,NA,15.9202034806561
161136,NA,15.915686349521
161477,20.7418998576468,16.0765601331252
161837,NA,16.0765601331252
162415,NA,16.0765601331252
163126,18.2521503689932,16.1494851439415
163181,NA,16.1494851439415
163728,NA,16.1494851439415
164497,NA,16.0752966962102
164814,18.2061503712612,16.1463251520453
165263,NA,16.1463251520453
165821,NA,16.2277208400011
166458,18.2581491766032,16.2954017845545
166592,NA,16.2954017845545
167147,NA,16.1145983958629
167317,21.4483007099479,16.2923884729991
167914,NA,16.2923884729991
168575,NA,16.2249759938187
169006,18.2041496561142,16.2909484492285
169345,NA,16.2909484492285
169803,21.5226999910083,16.3973001193226
169901,NA,16.3973001193226
170570,NA,16.3973001193226
171325,NA,16.3973001193226
171427,13.78664948605,16.3213884340405
172033,NA,16.3213884340405
172590,NA,16.3213884340405
173265,18.0261501417554,16.2317034196274
173346,NA,16.2317034196274
173884,NA,16.2317034196274
174265,21.278700175113,16.3301884212308
174637,NA,16.3301884212308
175031,21.5595001612091,16.498875896714
175267,NA,17.0821584249546
175933,NA,17.0821584249546
176651,18.2873501288122,17.3716850873102
176701,NA,17.3716850873102
177261,NA,17.3716850873102
178013,NA,17.3716850873102
178255,18.3065506046987,17.5237217673556
178768,NA,17.5237217673556
179320,NA,17.3913156191511
179848,13.8238501994638,17.2724001051616
180073,NA,17.2724001051616
180634,NA,17.2724001051616
181095,20.9827007330023,17.3920872221887
181393,NA,17.3922184492025
181905,21.507500296575,17.5249694765371
181933,NA,17.5249694765371
182596,NA,17.5760951162035
182684,21.5443007051945,17.7041017481064
183357,NA,17.7041017481064
184029,NA,17.7041017481064
184275,18.3221501270891,17.7181404570884
184788,NA,17.7181404570884
185224,21.3399006489199,17.8313204630831
185346,NA,17.8153969255387
185985,NA,17.8153969255387
186021,21.5227002294268,17.9312501537852
186749,NA,17.9312501537852
187421,NA,17.9941162785211
187686,15.9852002868429,17.9313376537812
188181,NA,17.9313376537812
188739,NA,17.9313376537812
189280,16.0707995673292,18.0764970113914
189500,NA,18.0764970113914
190053,NA,18.0764970113914
190812,NA,18.2133178763108
191572,NA,18.2133178763108
191675,17.3569508901564,18.1865564079935
192258,NA,18.2589872736144
192748,NA,18.2589872736144
193517,NA,18.2589872736144
193679,17.8261503900867,18.2454611210042
194281,NA,18.5349679301942
194781,NA,18.5349679301942
195549,NA,18.5349679301942
195644,17.8729499109322,18.5980437321029
196324,NA,18.5980437321029
196829,NA,18.5980437321029
197315,13.7306504424778,18.4459376918021
197601,NA,18.5245421088766
198157,NA,18.5245421088766
198912,NA,18.5245421088766
198935,16.0396000457113,18.452446937194
199661,NA,18.452446937194
200208,NA,18.452446937194
200580,13.7618497256772,18.3058657743341
200943,NA,18.312669489145
201332,21.5763003987959,18.4146579550716
201517,NA,18.4146579550716
202109,NA,18.4200808188752
202147,21.501499820035,18.5163751626615
202863,NA,18.5163751626615
202942,21.5247001629323,18.607536526306
203511,NA,18.691622041134
203697,21.5735000548884,18.7789516779144
204168,NA,18.7789516779144
204827,NA,18.7789516779144
205413,18.1717506113928,18.7852547295801
205589,NA,18.7852547295801
206125,NA,18.7852547295801
206165,21.5771000547102,18.8105638264608
206878,NA,18.8105638264608
207554,NA,18.8105638264608
207748,18.3313506034901,18.8129638335668
208301,NA,18.8129638335668
208861,NA,18.8129638335668
209499,18.1305498981674,18.7928928354668
209629,NA,18.8106729101397
210173,NA,18.8106729101397
210377,21.4250996910268,18.8875678154599
210926,NA,18.9066411075464
211581,NA,18.9066411075464
212076,18.1925503719249,18.8856384388517
212264,NA,18.8079820063942
212813,NA,18.8079820063942
212918,21.4687002321007,18.8862384247974
213581,NA,18.9069077814241
213685,21.5583003996871,18.9848899172554
214239,NA,18.9079865816871
214909,NA,18.9079865816871
215524,18.0245501418249,18.8820031569853
215676,NA,18.8820031569853
216196,NA,19.0364078136803
216272,21.5811001601396,19.1112517062232
216964,NA,19.1112517062232
217086,21.5027002968127,19.213503181372
217633,NA,19.213503181372
217949,21.4435007101856,19.2772173964809
218300,NA,19.2183502559329
218781,21.4806995162508,19.2829888062277
218954,NA,19.2160325899047
219562,21.5419002284762,19.2824859510068
219620,NA,19.2824859510068
220285,NA,19.3117546516596
220370,21.5099002964562,19.3745588129395
221049,NA,19.3745588129395
221160,21.5307006394723,19.4344516414543
221710,NA,19.4666773853616
221942,21.5403001621598,19.5242780180504
222314,NA,19.5242780180504
222754,21.5047004687367,19.7376349699747
222985,NA,19.7376349699747
223509,21.5731002269313,19.7872421390816
223645,NA,19.7540349559171
224317,NA,19.7540349559171
224461,21.3367004770553,19.749290516486
225085,NA,19.749290516486
225394,21.3590999327134,19.7927988790868
225738,NA,19.7441460505838
226174,21.5430999899982,19.7927664273247
226391,NA,19.7927664273247
227037,NA,19.833616880109
227364,21.0507001864025,19.8665110235224
227774,NA,19.825583533928
228342,21.3058998297201,19.8655920824629
228387,NA,19.8655920824629
229017,NA,19.8195613006028
229267,21.3695003034081,19.8614515439219
229758,NA,19.8614515439219
230159,21.4083001686959,20.008021810999
230406,NA,20.008021810999
230921,21.5651000553044,20.0489975542702
231046,NA,20.1565164187821
231706,NA,20.1565164187821
231779,21.4499000610085,20.1905528304196
232383,NA,20.1905528304196
232586,21.511099581141,20.224413003515
233035,NA,20.299872532814
233496,21.3875000640983,20.3277604182315
233680,NA,20.3277604182315
234279,21.539899579715,20.3580638972686
234317,NA,20.4229847564271
234973,NA,20.4229847564271
235302,21.2511001764797,20.4436876419284
235725,NA,20.4436876419284
236155,21.4551001663785,20.5332413983146
236361,NA,20.5332413983146
236906,21.5775001603179,20.5587111242171
237009,NA,20.7294126412606
237677,NA,20.7294126412606
238431,NA,20.7294126412606
238539,18.2721503679932,20.6694794150833
239193,NA,20.7852263993176
239356,21.4991002969909,20.8026379577975
239740,NA,20.8026379577975
240174,21.4971001642989,20.9913026026419
240397,NA,20.9913026026419
241007,21.4791001651902,20.9889318652369
241053,NA,20.9889318652369
241696,NA,20.9889318652369
241813,21.5119004683802,20.9891855395868
242377,NA,20.9891855395868
242577,21.5627000554232,20.9901123662329
243038,NA,20.9901123662329
243408,21.4823005362414,20.9878879877293
243709,NA,20.9878879877293
244194,21.5362998183118,21.000945412267
244369,NA,21.0699501635078
244953,21.5683002271689,21.081815641214
245035,NA,21.081815641214
245693,NA,21.0697355335678
245710,21.570300399093,21.0816537446517
246457,NA,21.0816537446517
246499,21.5327000569087,21.1578763506855
247124,NA,21.1578763506855
247254,21.5734998164698,21.1675420126805
247789,NA,21.2398513487403
248009,21.573500293307,21.2476106265209
248454,NA,21.2476106265209
248762,21.5759000547696,21.2511176117242
249122,NA,21.2511176117242
249616,21.4542999943951,21.2557353931486
249793,NA,21.3269722541073
250381,21.5607003995683,21.3322842574132
250456,NA,21.3322842574132
251128,NA,21.3291117928856
251131,21.5787008755142,21.3347842720362
251889,21.5695004655281,21.3350388189872
251892,NA,21.3350388189872
252491,NA,21.3350388189872
252636,21.5823008753359,21.4158967902033
253256,NA,21.4158967902033
253687,21.2179004829377,21.4114968722641
253925,NA,21.4076422520851
254559,NA,21.4076422520851
255283,18.3165503657947,21.3352297536529
255327,NA,21.3352297536529
255885,NA,21.3327118244312
256036,21.5759000547696,21.3382388296661
256653,NA,21.3349257904433
256880,21.4663004706381,21.3379115786295
257322,NA,21.33316765654
257988,NA,21.33316765654
258750,NA,21.33316765654
258820,17.9037503862346,21.2493037051395
259518,NA,21.2493037051395
259997,NA,21.2426037781316
260639,18.0481499022571,21.1683141531113
260749,NA,21.159457343372
261305,NA,21.159457343372
261400,21.5659002272878,21.1609144804804
262045,NA,21.1609144804804
262153,21.5750999220181,21.1609620922682
262630,NA,21.1609620922682
263293,NA,21.1609620922682
264061,NA,21.1566757902002
264246,17.7201503953256,21.0748537569889
264806,NA,21.0679209234346
265309,NA,21.0679209234346
266061,NA,21.0560414467705
266179,17.9113506242866,20.9793416706124
266813,NA,20.9793416706124
267325,NA,20.9775577077176
267697,20.6575005106861,20.9697514346193
268074,NA,20.9613477247418
268506,21.508700058097,20.9746977816529
268627,NA,20.9746977816529
269279,NA,20.964827718609
269365,21.4479006435722,20.9766099850715
270022,NA,20.9658177304809
270256,21.4099007118493,20.9766490227094
270669,NA,20.9619377468945
271008,21.577099577873,20.9769416939916
271310,NA,20.9769416939916
271768,21.5670999888098,20.979800228816
271974,NA,20.979800228816
272557,NA,20.9665177450079
272583,21.5011002304964,20.9795563422149
273313,NA,20.9693577491678
273419,21.4762995828642,20.981722184136
273965,NA,20.9677677492466
274194,21.5487006385811,20.9819368441084
274621,NA,20.9819368441084
274984,21.5315002953866,20.9887758713988
275282,NA,20.9887758713988
275805,21.49430005881,20.9897319663361
275941,NA,20.9897319663361
276587,21.5411000564927,20.9888441589258
276597,NA,20.9888441589258
277245,NA,20.9888441589258
277346,21.5687005319633,21.0026502630457
278003,NA,21.0692478214616
278101,21.5730997500941,21.0812442959529
278663,NA,21.0710526861715
278874,21.5510994463693,21.0824823709381
279322,NA,21.0723697418317
279772,21.4019003018038,21.0802157075453
279982,NA,21.0704868183345
280573,21.5179002296645,21.0811395186042
280639,NA,21.0811395186042
281293,NA,21.0706331539756
281366,21.5270994475577,21.0815013990609
282050,NA,21.0697648464667
282178,21.5043001639424,21.0801109254542
282637,NA,21.070301422752
283001,21.4915004693903,21.0803299714815
283297,NA,21.0692087557052
283943,NA,21.0692087557052
284621,18.2869494135957,20.9891758090327
284701,NA,20.9891758090327
285254,NA,20.9891758090327
285375,21.573899683659,20.9892635964611
286019,NA,20.9892635964611
286168,21.5274999907706,20.9891367655797
286686,NA,20.9891367655797
287349,NA,20.9745276893074
287780,18.2969498899183,20.9092209137126
288116,NA,20.8926139292227
288679,NA,20.8926139292227
288881,21.1583003138658,20.8821739357001
289444,NA,20.8821739357001
290077,NA,20.8675040367592
290466,18.3297498883039,20.8040601830478
290845,NA,20.784659151855
291333,21.4390998231247,20.8010201686367
291415,NA,20.8010201686367
292075,NA,20.7810796376912
292096,21.5635002274066,20.7809257854317
292749,NA,20.7809257854317
292918,21.4927004693309,20.7987201525291
293405,NA,20.7786283391238
293702,21.538699818193,20.7976301261006
294061,NA,20.7868539631047
294464,21.5642999225529,20.8062901120909
294715,NA,20.8062901120909
295242,21.5454997514607,20.8870138467326
295371,NA,20.8870138467326
296020,NA,20.8870138467326
296025,21.5394999901764,20.8861038451178
296785,NA,20.8861038451178
296840,21.5007004025392,20.8869638434153
297434,NA,20.8869638434153
297817,21.3067007169593,20.8972013281359
298077,NA,20.8972013281359
298716,NA,20.9720376016834
299429,18.2965506052133,20.9067818212817
299469,NA,20.9067818212817
300043,NA,20.9782476192573
300259,21.4831002313877,20.9905610976019
300797,NA,20.9905610976019
301028,21.5563002277631,20.9903269512721
301459,NA,20.9903269512721
301836,21.5099002964562,20.9887367165023
302119,NA,20.9887367165023
302699,NA,20.9887367165023
302766,21.3635003037052,20.9976596590547
303458,NA,21.0775989093896
303595,21.4846998208668,21.0872917882343
304096,NA,21.0872917882343
304364,21.5563002277631,21.0981989612466
304744,NA,21.1740763026028
305190,21.4883005359443,21.181383842913
305401,NA,21.181383842913
305980,21.5307001626352,21.201690811563
306052,NA,21.201690811563
306705,NA,21.1943810675979
306742,21.5651002937229,21.2030024449497
307464,NA,21.2030024449497
307548,21.5114999251673,21.20448149801
308118,NA,21.20448149801
308315,21.55829992285,21.2079326424519
308774,NA,21.2079326424519
309075,21.5675000551855,21.2077093977382
309432,NA,21.2077093977382
309838,21.5639000553638,21.2076349806813
310090,NA,21.2076349806813
310616,21.5458998178365,21.2153228178894
310753,NA,21.2086768315497
311382,21.559499684372,21.2166500782048
311410,NA,21.2106117176313
312077,NA,21.2106117176313
312191,21.5082999917213,21.2096721677043
312763,NA,21.2096721677043
313409,NA,21.2020095932357
313840,18.2529498921067,21.1334268094885
314174,NA,21.1248345892666
314620,21.5431004668353,21.1345617026984
314726,NA,21.1248822180843
315385,NA,21.1248822180843
315401,21.5423005332705,21.134589620763
316144,NA,21.1242536466868
316230,21.4843002313282,21.1326268230738
316797,NA,21.1221393724305
316993,21.5634992737323,21.1324035561817
317447,NA,21.1224346064153
317743,21.5795002930099,21.1330640409873
318112,NA,21.1266631776345
318494,21.577500637155,21.1371477697164
318781,NA,21.1280822349557
319247,21.5750999220181,21.1384779951199
319453,NA,21.1384779951199
320044,21.523100057384,21.1383849860461
320118,NA,21.1383849860461
320778,NA,21.1296727199058
320802,21.5698998166481,21.1399105593649
321530,NA,21.1315393710309
321561,21.5679003992118,21.1416873019189
322198,NA,21.1416873019189
322367,21.5114999251673,21.2166768486996
322842,NA,21.2166768486996
323123,21.5714996837778,21.2247410040423
323497,NA,21.2166210347489
323873,21.578700398677,21.2248501112018
324166,NA,21.2178117419095
324637,21.5626998170046,21.2256501072526
324839,NA,21.2256501072526
325403,21.5594999227906,21.299798971636
325506,NA,21.299798971636
326173,NA,21.299798971636
326182,21.5442995131016,21.3085716807096
326941,NA,21.3085716807096
326965,21.5399002949707,21.313712316582
327557,NA,21.3815296444974
327744,21.5443002283573,21.3851467685832
328210,NA,21.3839205627982
328498,21.5739006373333,21.3881423422323
328861,NA,21.3881423422323
329250,21.5771005315473,21.3884445712132
329510,NA,21.3884445712132
330009,21.5678999223746,21.3901156701697
330155,NA,21.3901156701697
330797,NA,21.3867387577147
330838,21.4842992776539,21.3889067692689
331547,NA,21.3849205612397
331648,21.5067001638236,21.3876267746304
332186,NA,21.3840387524297
332730,21.1807004847797,21.3795201242597
332811,NA,21.3795201242597
333351,NA,21.3758842182162
333492,21.5650993400486,21.3800889987013
334093,NA,21.3773478304323
334251,21.5679001607932,21.3815823266625
334747,NA,21.3832841814285
335075,21.4907002974069,21.385671206228
335404,NA,21.385671206228
335848,21.5511004000437,21.4579945350021
336045,NA,21.4579945350021
336701,NA,21.4579945350021
336708,21.446700405213,21.457185649976
337456,NA,21.457185649976
337493,21.5367008775938,21.4567501088611
338106,NA,21.4567501088611
338247,21.5746998164104,21.4581900981934
338765,NA,21.4581900981934
338999,21.5770998162916,21.4607750920651
339421,NA,21.4629367540287
340077,NA,21.4629367540287
340642,18.2597503685975,21.3912712106449
340838,NA,21.3912712106449
341389,NA,21.3875205511649
342147,NA,21.3875205511649
342301,18.2405501311296,21.3137080419646
342893,NA,21.3137080419646
343229,21.3658998267492,21.3099625797854
343369,NA,21.3099625797854
343996,21.5586999892257,21.3154900777729
344003,NA,21.3098171183195
344653,NA,21.3098171183195
344793,21.5226999910083,21.3100716652704
345413,NA,21.3100716652704
345613,21.4951002307935,21.3086353086328
346063,NA,21.3086353086328
346416,21.5155004682019,21.3074534998377
346709,NA,21.3074534998377
347175,21.5683002271689,21.3075535037424
347361,NA,21.3075535037424
347981,21.5114996867487,21.3067716825813
348018,NA,21.3067716825813
348680,NA,21.3008942871908
348753,21.5523003999842,21.3066080624816
349433,NA,21.3066080624816
349904,21.0979000120424,21.2972807902161
350089,NA,21.2972807902161
350684,21.542700162041,21.3027345540345
350699,NA,21.3720478418056
351357,NA,21.3720478418056
352116,NA,21.3680698737816
352291,18.3029496512027,21.2984080505412
352868,NA,21.2984080505412
353072,21.5415001621004,21.2983898602873
353350,NA,21.2983898602873
353869,21.5230995805468,21.2992716636787
354007,NA,21.2992716636787
354644,21.5486999233253,21.2989353148058
354675,NA,21.2989353148058
355331,NA,21.2924105478708
355428,21.5378999238601,21.2979898518705
356093,NA,21.29148960105
356246,21.4975004690932,21.2961716662328
356749,NA,21.2896849626099
357019,21.5511004000437,21.2956262225515
357405,NA,21.2903361333694
357776,21.5710998165887,21.2967171261698
358070,NA,21.2967171261698
358589,21.5039002967533,21.2952171370813
358733,NA,21.2952171370813
359395,NA,21.288875665869
359435,21.4642995834583,21.2928625730869
360157,NA,21.2877779835036
360200,21.5615005323198,21.2939989505222
360816,NA,21.2875454450976
360970,21.5546996846097,21.2936171323593
361477,NA,21.2869872889565
361751,21.542300771689,21.2927898681096
362145,NA,21.2865128925539
362559,21.509500468499,21.2915807920072
362808,NA,21.2853501145471
363369,21.5070999917807,21.2903898844842
363373,NA,21.2903898844842
364023,NA,21.2844850094001
364186,21.4991002969909,21.2893626295726
364780,NA,21.2835361722378
364976,21.5310999905923,21.2891626226549
365427,NA,21.2832291899642
365748,21.5526999895228,21.2893535263178
366084,NA,21.282736151643
366599,21.4579002326354,21.2867171534837
366735,NA,21.2799640516683
367365,NA,21.2799640516683
367370,21.5539007047191,21.279638488467
368118,NA,21.279638488467
368765,NA,21.279638488467
369230,20.2471002925886,21.2508664190469
369517,NA,21.2508664190469
369983,21.5755002268124,21.2524664205117
370026,NA,21.2524664205117
370679,NA,21.2541751332672
370764,21.5418999900576,21.2608664090066
371437,NA,21.2608664090066
371550,21.5359004671918,21.2601873654517
372098,NA,21.2601873654517
372351,21.5178999912459,21.2590245708111
372756,NA,21.2590245708111
373137,21.5359002287732,21.2600757320057
373339,NA,21.2600757320057
373959,21.492299926118,21.2587082791237
373990,NA,21.2587082791237
374641,NA,21.2587082791237
374724,21.5611007043626,21.2613687511969
375393,NA,21.2613687511969
375490,21.5598995123291,21.2619082543303
376059,NA,21.2619082543303
376237,21.5822999216616,21.2620850009641
376723,NA,21.2620850009641
376989,21.5766999883344,21.2620757026395
377395,NA,21.2620757026395
377892,21.3950994540937,21.265098969718
378068,NA,21.334990797651
378692,21.5187004016479,21.3391660159237
378717,NA,21.3391660159237
379378,NA,21.3391660159237
379521,21.4843004697468,21.4128876145286
380131,NA,21.4128876145286
380330,21.508300706977,21.4161239981702
380794,NA,21.4161239981702
381443,NA,21.4128082774479
381463,21.1191001830157,21.4061330934836
382196,NA,21.4061330934836
382272,21.5086998196784,21.4058149077715
382813,NA,21.4058149077715
383055,21.539500228595,21.4068239986306
383405,NA,21.4068239986306
383839,21.5382997518172,21.4073421641674
384061,NA,21.4073421641674
384663,21.489900403074,21.4055603499834
384722,NA,21.4055603499834
385373,NA,21.4030966444772
385444,21.5423002948519,21.4062603638039
386128,NA,21.4062603638039
386229,21.5370999902952,21.4059148999473
386781,NA,21.4059148999473
387034,21.512700401945,21.415342181536
387444,NA,21.415342181536
387860,21.4883000591071,21.4141058155603
388093,NA,21.4141058155603
388675,21.5010995152406,21.4160390088865
388746,NA,21.4160390088865
389398,NA,21.4867910397429
390156,NA,21.4867910397429
390315,18.2629503684584,21.4122785444329
390913,NA,21.4122785444329
391075,21.5675007704413,21.413287662385
391455,NA,21.413287662385
392113,NA,21.4101385400376
392660,18.3289498883532,21.3401115252266
392867,NA,21.3401115252266
393334,NA,21.3355117950258
393425,21.561100465944,21.340638810274
394091,NA,21.33699086472
394239,21.5027000583941,21.3407569827581
394749,NA,21.3358652753793
395041,21.5163001633482,21.3399660682877
395405,NA,21.3345908648389
395846,21.5135002962779,21.3386569882806
396066,NA,21.3348141206417
396648,21.5167002297239,21.3389478958482
396725,NA,21.3389478958482
397380,NA,21.3360327403223
397446,21.5219000574434,21.3402569975296
398138,NA,21.3351117990461
398261,21.5011002304964,21.3388842633973
398793,NA,21.3338653001133
399451,NA,21.3338653001133
399909,18.2541501304659,21.25739668055
400205,NA,21.25739668055
400722,21.5031001640018,21.2572478362593
400751,NA,21.2572478362593
401405,NA,21.2512989754136
401504,21.5407009437913,21.2580292537479
402154,NA,21.2580292537479
402256,21.5771002931288,21.2598432071465
402797,NA,21.2598432071465
403078,21.4930993436137,21.2589594711702
403383,NA,21.2589594711702
404019,NA,21.2519656493047
404665,18.3273498884228,21.1839513292842
404773,NA,21.1774287363473
405317,NA,21.1774287363473
405495,21.4831002313877,21.1845373757668
406061,NA,21.1757430107917
406263,21.557499512448,21.1846210689698
406710,NA,21.1846210689698
407194,21.361499694176,21.210537334123
407367,NA,21.210537334123
407982,21.5331001625163,21.2095512861161
408005,NA,21.2095512861161
408653,NA,21.2095512861161
408769,21.5350995799527,21.2093931370439
409405,NA,21.2093931370439
410060,NA,21.2016191529928
410375,18.3037501280196,21.1342268500864
410811,NA,21.1250917752969
411206,21.4819007082842,21.1333896574594
411371,NA,21.1238060724281
411983,21.5470995793585,21.133650107473
412013,NA,21.1251108260767
412674,NA,21.1251108260767
413357,NA,21.1251108260767
413673,18.2033503713901,21.0451643895773
414120,NA,21.0451643895773
414425,21.5771005315473,21.045573937654
414673,NA,21.045573937654
415207,21.5402999237413,21.0445739377035
415333,NA,21.0445739377035
415984,NA,21.0315952535418
416035,21.4854999928502,21.0424025092396
416744,NA,21.0338001447309
416783,21.5811006369768,21.046831108832
417393,NA,21.0353221016902
417702,21.3763004750945,21.0434406343903
418060,NA,21.0434406343903
418452,21.5787001602584,21.0456882460691
418701,NA,21.0456882460691
419335,21.4195004729554,21.0435739547829
419357,NA,21.0435739547829
420002,NA,21.0435739547829
420136,21.5175006401259,21.0530596799522
420760,NA,21.0530596799522
420891,21.573500293307,21.0546025483719
421412,NA,21.0546025483719
421666,21.5490997512825,21.0548311084359
422066,NA,21.0548311084359
422430,21.5619001610903,21.0553930229424
422719,NA,21.0553930229424
423195,21.5607001611497,21.057078731468
423306,NA,21.057078731468
423949,21.5739001604961,21.0690978344687
423959,NA,21.0578311092215
424612,NA,21.0578311092215
424724,21.5486994464882,21.0581072867499
425371,NA,21.0581072867499
425471,21.582299683243,21.0597644124951
426037,NA,21.0597644124951
426220,21.5807005313691,21.0619644237394
426697,NA,21.0619644237394
427073,21.4555007095914,21.0608787378906
427357,NA,21.0608787378906
427841,21.5574999892851,21.0724280693184
428006,NA,21.0724280693184
428590,21.5803002265748,21.1495757404374
428652,NA,21.1495757404374
429313,NA,21.1396251444849
429340,21.5786996834213,21.1498361802741
430071,NA,21.1498361802741
430097,21.570699750213,21.2252257119453
430731,NA,21.2252257119453
430854,21.5707009423058,21.2330774217262
431399,NA,21.2254489788374
431704,21.4587006430374,21.2307501530238
432061,NA,21.2244257366198
432457,21.5754999883939,21.2324046968874
432722,NA,21.2258024767372
433210,21.5750999220181,21.233741055039
433309,NA,21.227235026173
433965,21.5727001605555,21.2350865064998
433973,NA,21.2285373501458
434633,NA,21.2285373501458
434768,21.5155002297834,21.2350592337739
435389,NA,21.2283885169444
435555,21.5351000567898,21.2353592337591
436045,NA,21.2291792105791
436706,NA,21.2291792105791
437140,18.3297501267225,21.1632830950369
437462,NA,21.230937350027
437890,21.5795002930099,21.2388592350948
438017,NA,21.2327140972132
438643,21.5754997499753,21.2405046802305
438680,NA,21.2405046802305
439314,NA,21.2335233717756
439444,21.5179004680831,21.2399864876008
440056,NA,21.2321466316583
440195,21.5783000546508,21.2400137549081
440701,NA,21.2341280435429
441002,21.5110998195596,21.2404228566341
441351,NA,21.2404228566341
441837,21.4770997548476,21.3120080808711
441997,NA,21.3120080808711
442594,21.5703006375115,21.3177479154631
442649,NA,21.313989908283
443218,NA,21.313989908283
443441,21.462300166022,21.3118262867733
443971,NA,21.3118262867733
444309,21.4379005384399,21.3135626695975
444601,NA,21.3135626695975
445190,21.421900234418,21.3110353985043
445228,NA,21.3110353985043
445866,NA,21.3110353985043
445947,21.5710998165887,21.3118535857006
446609,NA,21.3118535857006
446734,21.5351000567898,21.3168146183915
447263,NA,21.385293356809
447514,21.5434995795367,21.3888090506474
447916,NA,21.3866933311557
448409,21.4054993479513,21.38711124264
448557,NA,21.3834751440782
449197,NA,21.3834751440782
449204,21.5254998188466,21.386631247962
449957,NA,21.386631247962
449974,21.5547008767026,21.4611057036356
450611,NA,21.4611057036356
451269,NA,21.4584694575467
451787,13.5598504509544,21.2829445907335
452028,NA,21.2770956058924
452536,NA,21.2770956058924
452572,21.5367006391753,21.282864606632
453210,NA,21.2782592569453
453427,21.453499107156,21.2821534758388
453871,NA,21.2753592221766
454193,21.5602998171235,21.2816912353977
454510,NA,21.2795410254045
454941,21.5815009417711,21.2862512457682
455168,NA,21.2796046795298
455807,21.4395006439881,21.2831579231845
455833,NA,21.2800592288715
456471,NA,21.2800592288715
456581,21.5502999896416,21.2860645791108
457225,NA,21.2808046686332
457384,21.5154997529462,21.2860201149513
457877,NA,21.2794864745341
458136,21.5762994451215,21.2860823183249
458536,NA,21.2801046493941
458922,21.5363007719861,21.2857978965628
459206,NA,21.2795228450963
459750,21.4851001648931,21.2840912299806
459853,NA,21.2778046633632
460506,NA,21.2778046633632
460550,21.5190999911865,21.2765592049697
461260,NA,21.2765592049697
461408,21.4498995841714,21.2804112133965
461911,NA,21.2743137535535
462194,21.5354999239789,21.280117890674
462572,NA,21.2732501226611
463160,NA,21.2732501226611
463814,18.2869498904329,21.1983921535489
463914,NA,21.1983921535489
464457,NA,21.1924128848037
464595,21.5414996852633,21.2003466757233
465222,NA,21.1920407847102
465440,21.4650999938603,21.1982466758272
465883,NA,21.1893617095308
466531,NA,21.1893617095308
467105,18.2337491778017,21.122188697446
467277,NA,21.1115721628885
467821,NA,21.1115721628885
467909,21.5147005346371,21.1102698555495
468581,NA,21.1102698555495
468678,21.5563002277631,21.1099349552113
469229,NA,21.1099349552113
469478,21.5187006400665,21.1113303039794
469885,NA,21.1113303039794
470237,21.5678999223746,21.111153558258
470540,NA,21.111153558258
471038,21.5183000576217,21.1098326311791
471213,NA,21.1098326311791
471827,21.5318999241572,21.1088837884721
471859,NA,21.1088837884721
472524,NA,21.1088837884721
472633,21.5119004683802,21.1088000730907
473245,NA,21.1088000730907
473418,21.5367004007567,21.1088372903922
473912,NA,21.1088372903922
474191,21.5519002943765,21.1189069041191
474562,NA,21.1837710152214
475012,21.4938999924343,21.1908194010671
475222,NA,21.1817803105568
475878,NA,21.1817803105568
476018,21.2722998313839,21.1747291496593
476623,NA,21.1747291496593
476878,21.4467006436316,21.1809103199769
477253,NA,21.1730733397884
477699,21.4943002972286,21.1803739524575
477897,NA,21.1711198570576
478451,21.5762999219587,21.1803284948963
478544,NA,21.1726361385088
479209,NA,21.1726361385088
479231,21.5431002284167,21.1741710332429
479965,NA,21.1741710332429
480014,21.5399005333893,21.1734640540773
480598,NA,21.1734640540773
480807,21.5279000571463,21.1815194177834
481253,NA,21.1749896329407
481564,21.5707009423058,21.1839830717899
481893,NA,21.1780780144259
482326,21.5647002273472,21.1868648829014
482547,NA,21.181398944494
483139,NA,21.181398944494
483167,21.4699004704598,21.1879557973569
483879,NA,21.1790454713283
483930,21.5634997505695,21.1877830685837
484525,NA,21.1797059293231
484813,21.4199003009126,21.1851648923138
485181,NA,21.1768315274947
485563,21.5795000545913,21.1859830849287
485836,NA,21.1808780555561
486388,21.4887001647148,21.1878740125824
486493,NA,21.1878740125824
487141,NA,21.180022249646
487166,21.5455004667165,21.1883285727613
487890,NA,21.1798082866231
488080,21.382700064336,21.1844194633893
488549,NA,21.1844194633893
488862,21.5406995132798,21.3658023966239
489187,NA,21.3658023966239
489787,21.369499826571,21.3658845617339
489840,NA,21.3620023781557
490477,NA,21.3620023781557
490540,21.575899816351,21.3647842124556
491229,NA,21.3647842124556
491310,21.5546996846097,21.3646569367166
491885,NA,21.3646569367166
492106,21.5238999909488,21.3633478241979
492546,NA,21.3633478241979
492856,21.5791004650528,21.3665205474039
493142,NA,21.3665205474039
493629,21.5518995791208,21.3706400814421
493798,NA,21.3665569017103
494379,21.5795005314285,21.3712889823707
494445,NA,21.3680114648576
495106,NA,21.3680114648576
495140,21.5655003993306,21.3677660319987
495861,NA,21.3677660319987
496190,21.2195000724168,21.3605660160994
496520,NA,21.3605660160994
496942,21.576300875633,21.3626387595253
497147,NA,21.3626387595253
497811,NA,21.3626387595253
498303,20.8459005013574,21.3473387711201
498564,NA,21.3473387711201
499149,NA,21.3449536359329
499447,21.1058997068321,21.3395205920897
499903,NA,21.3349629332085
500261,21.5018999256426,21.3387569557639
500514,NA,21.3387569557639
501132,21.4334994521923,21.4102694458038
501174,NA,21.4102694458038
501821,NA,21.4102694458038
501919,21.5351007720456,21.410124015958
502579,NA,21.410124015958
502737,21.4978991049575,21.4108694503011
503213,NA,21.4108694503011
503490,21.5755007036496,21.4145279225977
503800,NA,21.4868183486158
504290,21.5191004680237,21.4875357290471
504461,NA,21.4875357290471
505046,21.5722998165293,21.4888157130892
505117,NA,21.4888157130892
505772,NA,21.4872819741193
505868,21.4923004029552,21.4873934947601
506536,NA,21.4866819687304
506619,21.5782995778136,21.4887179155989
507176,NA,21.4869183245358
507375,21.5723000549478,21.4888156963228
507836,NA,21.4881455972023
508128,21.5754999883939,21.4900868058955
508497,NA,21.4891365077532
508962,21.4778996884124,21.4888868006567
509160,NA,21.4888868006567
509766,21.5143002298428,21.4889401286892
509802,NA,21.4889401286892
510443,NA,21.4878546679604
510563,21.523100057384,21.4886378988365
511187,NA,21.4872001171197
511611,21.2215009595966,21.4812956913969
511837,NA,21.4810092300097
512458,NA,21.4810092300097
512485,21.4302997571649,21.4798823528354
513202,NA,21.4846001374138
513294,21.508700058097,21.4851356912068
513772,NA,21.4860092150153
514097,21.5155004682019,21.4866645761972
514429,NA,21.4864910370829
514873,21.5483005329734,21.487864581436
515080,NA,21.4858546873332
515692,21.4967000586912,21.4860956955856
515740,NA,21.4860956955856
516397,NA,21.4848001380213
516459,21.5583003996871,21.4864334771694
517149,NA,21.4852183168008
517235,21.5474996849662,21.4866023472045
517809,NA,21.4856637628876
517986,21.5779002266936,21.4877134620833
518468,NA,21.4858273829873
518812,21.4874992110999,21.4858645347232
519135,NA,21.4840728144362
519574,21.5647004657658,21.4858645400213
519782,NA,21.4858645400213
520325,21.5779002266936,21.4882645346043
520436,NA,21.4882645346043
521089,21.5618999226717,21.4882289828733
521095,NA,21.4882289828733
521756,NA,21.4897819074633
521838,21.5806995776948,21.4918023001351
522499,NA,21.489809169352
522608,21.5550992741482,21.4912600605697
523162,NA,21.4913182400209
523372,21.562699578586,21.492904491989
523752,NA,21.492904491989
524123,21.577500637155,21.4936156068877
524413,NA,21.4936156068877
524898,21.5490995128639,21.4973133724105
525044,NA,21.4973133724105
525689,NA,21.4963273237544
525712,21.5027000583941,21.4964689400797
526430,NA,21.4993546017504
526487,21.5495000560768,21.5004689451799
527077,NA,21.5004689451799
527272,21.5370999902952,21.4996067268231
527725,NA,21.4996067268231
528073,21.5182998192031,21.4987978409251
528374,NA,21.4987978409251
528825,21.5767004651716,21.4999711847968
529021,NA,21.4999711847968
529677,NA,21.4981727920637
529735,21.3871002361411,21.4957045130432
530429,NA,21.4944273524505
530517,21.5410998180741,21.4954645183532
531069,NA,21.4935546089652
531719,NA,21.4935546089652
531799,20.9411000862019,21.4812778417926
532471,NA,21.4793636927577
532612,21.5038998199161,21.4799089400279
533054,NA,21.4858273233827
533530,21.3771001702407,21.483411164424
533642,NA,21.4813000346238
534281,NA,21.4813000346238
534328,21.5218998190248,21.4822022520549
535021,NA,21.4966636554798
535156,21.4854999928502,21.4964155740881
535675,NA,21.4964155740881
536320,NA,21.5052909347075
536763,18.3029501280398,21.4341278056705
537072,NA,21.4325875302166
537542,21.5443004667759,21.4350700399179
537620,NA,21.4351057350935
538274,NA,21.4351057350935
538327,21.5374998182524,21.4373811591637
539024,NA,21.4351602588709
539112,21.5367001623381,21.4374167011702
539673,NA,21.4360421010841
539913,21.5182998192031,21.4378700503756
540333,NA,21.434742080983
540704,21.5295004011132,21.4368478214304
540986,NA,21.4349784430987
541539,21.4771002316847,21.435914482845
541645,NA,21.4328148161704
542289,21.5786996834213,21.4360567021093
542300,NA,21.4360567021093
542960,NA,21.434778436181
543056,21.5587002276443,21.4375322537691
543640,NA,21.4343329964044
543893,21.4747002318036,21.43523004608
544300,NA,21.4321148186057
544646,21.5758991010953,21.4353100248832
544941,NA,21.4321238893489
545404,21.5690999223152,21.4351678011926
545604,NA,21.4341966219376
546155,21.5775001603179,21.4373811450127
546270,NA,21.4356329839939
546925,NA,21.4356329839939
547021,21.439500167151,21.4357189213973
547677,NA,21.4337329864886
547790,21.5559001613874,21.4364478125974
548332,NA,21.4413329683474
548606,21.499900707393,21.4426344736596
548978,NA,21.4426344736596
549424,21.4978995817946,21.4441366919847
549628,NA,21.4441366919847
550181,21.5711005318444,21.445523369179
550285,NA,21.445523369179
550947,NA,21.4439329805649
551048,21.4391005383804,21.4438255929608
551710,NA,21.441451162506
551844,21.5243000573246,21.4432922490575
552349,NA,21.4420784352022
552677,21.4798993442673,21.4429188998481
553007,NA,21.4429188998481
553474,21.5223006398883,21.4421189051859
553580,NA,21.4421189051859
554236,NA,21.4397238874636
554277,21.5150994481519,21.4413988999233
554985,NA,21.4382965970422
555146,21.4367000616621,21.4382611184782
555627,NA,21.4371420709186
555968,21.4923006413737,21.4383678169287
556275,NA,21.4354966203642
556746,21.5458998178365,21.4379500247525
556925,NA,21.4347693383448
557543,21.5230998189654,21.4367322379141
557584,NA,21.433887517806
558249,NA,21.433887517806
558375,21.4803001651308,21.4349189099688
558998,NA,21.431605712975
559235,21.4471002331702,21.431950035646
559656,NA,21.4291511893164
559987,21.576700226753,21.432430056815
560301,NA,21.4294693858656
560737,21.5786999218399,21.4327856199984
560973,NA,21.4294966423357
561563,21.4875004031928,21.4307856147992
561640,NA,21.4280966625705
562282,NA,21.4280966625705
562326,21.5638998169452,21.4311145104455
563033,NA,21.4294875661739
563120,21.5267002956243,21.4316478490506
563611,NA,21.4289693898
563934,21.5019001640612,21.4305900736725
564253,NA,21.4281693937492
564696,21.5651000553044,21.4312122973394
564903,NA,21.4292330354788
565492,21.5234999245731,21.4313278552365
565565,NA,21.4280239322834
566224,NA,21.4280239322834
566350,21.4491006435128,21.428492303644
566984,NA,21.4294330324509
567106,21.5722998165293,21.4326078498749
567625,NA,21.4301421233249
567936,21.4830997545505,21.4313189595744
568288,NA,21.4313189595744
568769,21.4791008804459,21.4432745327798
568943,NA,21.4432745327798
569531,21.5651000553044,21.4446345380106
569561,NA,21.4446345380106
570210,NA,21.4461694100054
570310,21.544700294733,21.4483589852216
570960,NA,21.4483589852216
571092,21.5407002285356,21.4487767720996
571613,NA,21.4487767720996
571971,21.4246998238377,21.4474256572327
572266,NA,21.4474256572327
572767,21.5234999245731,21.4490794456531
572895,NA,21.518993430489
573459,NA,21.518993430489
573574,21.5106999916025,21.5182467532629
574210,NA,21.5182467532629
574338,21.5623004658846,21.5192044426677
574861,NA,21.5187978787658
575130,21.528300162754,21.5190044501569
575515,NA,21.5186112121084
576014,21.4182997577591,21.5164305283182
576173,NA,21.5163889885207
576807,21.527100401232,21.5166218453188
576812,NA,21.51633565519
577455,NA,21.51633565519
577659,21.4563004047377,21.5158734368135
578211,NA,21.5158734368135
578435,21.5479004665976,21.5151890097729
578861,NA,21.5151890097729
579225,21.5310999905923,21.5155349006603
579522,NA,21.5145756711718
579988,21.5638995785266,21.5156479300273
580179,NA,21.5165578788767
580761,21.5514999895822,21.517317489979
580835,NA,21.5160156763987
581486,NA,21.5160156763987
581525,21.5623004658846,21.5158645773669
582237,NA,21.5158645773669
582277,21.576700226753,21.5158468010654
582890,NA,21.5158468010654
583083,21.5115004020045,21.5157523141293
583470,NA,21.5174468062844
583851,21.5575004661223,21.51831753802
584125,NA,21.5174823686118
584739,21.4138998243725,21.5152305741719
584783,NA,21.515571237878
585429,NA,21.515571237878
585568,21.4842995160725,21.5152690141953
586188,NA,21.5152690141953
586421,21.4551004047971,21.5126912335943
586834,NA,21.5126912335943
587181,21.5671007040655,21.5138740481697
587478,NA,21.5155356817206
588137,NA,21.5155356817206
588341,21.08670018462,21.505811240105
588893,NA,21.505811240105
589147,21.5119007067988,21.5065223814946
589501,NA,21.5065223814946
590015,21.4371004056884,21.5046290429568
590156,NA,21.5046290429568
590811,NA,21.5046290429568
590915,21.3986994539155,21.5020423764182
591565,NA,21.5020423764182
591678,21.563100637868,21.5048512781117
592207,NA,21.5048512781117
592578,21.3991002355469,21.5027801579822
592873,NA,21.5027801579822
593429,NA,21.5018001657128
593470,21.4091000630287,21.4997401634309
594185,NA,21.4992092621687
594232,21.5643006378086,21.500655737183
594829,NA,21.500655737183
594982,21.5790999882156,21.5028512888071
595483,NA,21.5028512888071
595809,21.4867002312094,21.5037312887635
596137,NA,21.5037312887635
596578,21.5566998173017,21.5032868352201
596787,NA,21.5032868352201
597383,21.5127001635265,21.5018201739243
597445,NA,21.5018201739243
598104,NA,21.5021456232591
598253,21.4346999289701,21.5006468300527
598857,NA,21.5006468300527
599091,21.4730999270687,21.4986290547221
599501,NA,21.4986290547221
599842,21.5775003987364,21.4997579459023
600145,NA,21.4997579459023
600714,21.4331000618404,21.4982290547419
600797,NA,21.4982290547419
601437,NA,21.4967092592745
601538,21.4903002310311,21.4965668364247
602193,NA,21.495954720785
602289,21.5779007035308,21.4977757426237
602843,NA,21.4977757426237
603099,21.5074995813193,21.4990734967972
603421,NA,21.4990734967972
603946,21.4627004708163,21.4966379557814
604083,NA,21.4966379557814
604733,NA,21.496945642173
604782,21.475500403787,21.49646908132
605494,NA,21.496863813158
605559,21.5462999234442,21.4979623933866
606127,NA,21.4964365374339
606310,21.5783002930693,21.4982557320036
606781,NA,21.4982557320036
607101,21.5302998186089,21.4979357214231
607449,NA,21.4979357214231
607902,21.5174999248702,21.4974201591194
608102,NA,21.4974201591194
608662,21.5675007704413,21.5005935134884
608764,NA,21.5005935134884
609413,NA,21.5000729132364
609652,21.2907001745189,21.4954201857094
610166,NA,21.4954201857094
610410,21.569499988691,21.4967268523113
610802,NA,21.4967268523113
611160,21.5795000545913,21.4971090653937
611469,NA,21.4971090653937
611914,21.573899683659,21.4981223880805
612117,NA,21.4981223880805
612668,21.5739003989147,21.5015801801062
612771,NA,21.5015801801062
613357,NA,21.5010001750806
613515,21.4627004708163,21.5001490705414
614114,NA,21.5001490705414
614274,21.5683002271689,21.5026379554843
614717,NA,21.5026379554843
615020,21.583499444765,21.503429043888
615361,NA,21.503429043888
616013,NA,21.5028001587356
616028,21.2690996987512,21.4976068151804
616755,NA,21.496100161468
616863,21.476700165309,21.4956690504423
617375,NA,21.4944001654618
617614,21.5778997498564,21.4962557117817
618020,NA,21.4962557117817
618366,21.5771005315473,21.4965846021297
618672,NA,21.4965846021297
619234,21.4378995847655,21.4935001434189
619325,NA,21.4935001434189
619965,NA,21.4930910466329
620010,21.5479007050162,21.4943090390414
620717,NA,21.4928728702441
620807,21.5223004014697,21.4935268153825
621373,NA,21.4953365197236
621649,21.4682999273064,21.4947357065588
622027,NA,21.4947357065588
622503,21.4546998223523,21.4940779355872
622669,NA,21.4940779355872
623236,NA,21.4949637885597
623290,21.5347007056698,21.4958468311621
623989,NA,21.4942274249598
624117,21.4871000591666,21.4940690390533
624652,NA,21.4940690390533
624993,21.4279002341209,21.5016512623755
625304,NA,21.5016512623755
625787,21.5266995803686,21.5019801262326
625948,NA,21.5019801262326
626589,NA,21.5034546653359
626667,21.42270064482,21.5016601315467
627349,NA,21.5016601315467
627419,21.5771000547102,21.5056245893421
627994,NA,21.5056245893421
628178,21.5687005319633,21.5057490314331
628655,NA,21.5057490314331
628930,21.577099577873,21.5097045723737
629312,NA,21.5097045723737
629794,21.4423002334079,21.508239260657
629979,NA,21.5104423539377
630621,NA,21.5104423539377
630639,21.4655002986547,21.5082467908454
631369,NA,21.5082467908454
631430,21.5302991033532,21.5071623267373
632013,NA,21.5071623267373
632663,NA,21.5076273743629
633030,18.3109503660817,21.4365901075122
633341,NA,21.4338603413807
633809,21.5439006388187,21.4363056813237
633901,NA,21.4345694430919
634557,NA,21.4345694430919
634794,21.2975005453918,21.4315234675874
635308,NA,21.4314512752833
635740,21.3443000662373,21.4295145817489
635933,NA,21.4285240057189
636524,21.5387002950301,21.4309723677036
636573,NA,21.4276421851801
637229,NA,21.4276421851801
637466,21.3483004100854,21.4257149203675
637987,NA,21.4257149203675
638230,21.562699578586,21.4287590238835
638622,NA,21.4273603600847
638985,21.5727001605555,21.4305901334285
639291,NA,21.4272421659261
639883,21.4015002354281,21.4266701230262
639950,NA,21.4248330898832
640589,NA,21.4248330898832
640645,21.5646999889286,21.4271512607493
641341,NA,21.4271512607493
641406,21.5659004657064,21.4302345764151
642003,NA,21.4292058076112
642184,21.5458998178365,21.4317990078384
642665,NA,21.4291967143019
643087,21.3955009509809,21.4284479195614
643244,NA,21.4250421837999
643882,NA,21.4250421837999
643887,21.5190997527679,21.424787636849
644636,NA,21.424787636849
644713,21.4875006416114,21.4241058349567
645292,NA,21.4241058349567
645492,21.5439006388187,21.4235694683289
645941,NA,21.4235694683289
646276,21.5382999902358,21.4261190354824
646598,NA,21.4291967368679
647076,21.5190995143494,21.4311945763675
647239,NA,21.428051271542
647887,NA,21.428051271542
647915,21.472300470341,21.4256149173545
648637,NA,21.4256149173545
648798,21.4195002345368,21.4221058389654
649283,NA,21.4221058389654
649641,21.4670999273658,21.4196785555211
649938,NA,21.4196785555211
650400,21.5683004655875,21.4229812646336
650599,NA,21.4220785554022
651251,NA,21.4220785554022
651387,21.2947002407163,21.4158603738919
652001,NA,21.4158603738919
652145,21.5698998166481,21.4155512914347
652637,NA,21.4155512914347
653022,21.4267007110175,21.4157990563143
653216,NA,21.4191331326226
653869,NA,21.4191331326226
653931,21.3887000640389,21.417133130321
654637,NA,21.417133130321
654908,21.3070998296607,21.4109785866802
655281,NA,21.4109785866802
655911,NA,21.4071152856368
656046,21.1139007929014,21.4004513198928
656666,NA,21.399580430012
657146,21.1595003138063,21.3941240637346
657282,NA,21.3941240637346
657892,NA,21.3905478627746
658653,NA,21.3905478627746
658743,18.3149491737713,21.3159582993397
659408,NA,21.3159582993397
659511,21.5578995788237,21.3180420121657
659956,NA,21.3180420121657
660273,21.5647002273472,21.3206001611191
660612,NA,21.3206001611191
661057,21.5379004006973,21.3255388029277
661277,NA,21.3206745726314
661941,NA,21.3206745726314
661944,21.4143004068173,21.3189815574604
662694,NA,21.3189815574604
662860,21.3799004749162,21.3178652839906
663226,NA,21.3178652839906
663869,NA,21.3128930388387
663952,21.1683004189981,21.3095304197726
664621,NA,21.3095304197726
664820,21.4375002336456,21.309874596257
665223,NA,21.309874596257
665682,21.4451002996648,21.3068048345117
665861,NA,21.3068048345117
666491,NA,21.3005692226676
666696,21.2623000039021,21.2996792408359
667234,NA,21.293073994716
667510,21.5027000583941,21.2979490194527
667853,NA,21.294512085787
668394,21.418700300972,21.2974001838146
668490,NA,21.2974001838146
669126,NA,21.2933978001279
669157,21.5638998169452,21.2996885447051
669870,NA,21.2941978171182
669960,21.5155004682019,21.2993443903992
670525,NA,21.2993443903992
670801,21.4699002320413,21.3728083407704
671181,NA,21.3728083407704
671728,21.3667002371512,21.3686874011967
671821,NA,21.3686874011967
672459,NA,21.3686874011967
672550,21.4931000588695,21.3732362270916
673132,NA,21.3732362270916
673303,21.5759002931882,21.3786222788811
673776,NA,21.3786222788811
674089,21.5355001623975,21.378547857192
674442,NA,21.378547857192
674840,21.5775001603179,21.3830695004448
675086,NA,21.3838780839416
675589,21.5799003986176,21.3883331365478
675748,NA,21.3842781030121
676399,21.5067001638236,21.387060422576
676408,NA,21.3827432193671
677060,NA,21.3827432193671
677152,21.5754997499753,21.3867897197055
677808,NA,21.3867897197055
677903,21.577899988275,21.3911331349002
678469,NA,21.3870966964344
678814,21.3859002362005,21.3870695041564
679133,NA,21.3829106445855
679566,21.5771007699659,21.3873240565259
679772,NA,21.3836362481234
680414,21.4611004045,21.3853967971319
680442,NA,21.3851618168099
681087,NA,21.3851618168099
681167,21.5755002268124,21.3894876897645
681839,NA,21.3864734557411
681917,21.5786999218399,21.3908422390616
682508,NA,21.3885943692348
682670,21.5754999883939,21.3928422242157
683093,NA,21.3893292378296
683484,21.5022999920184,21.3918967549702
683765,NA,21.3884920285687
684233,21.5798994449433,21.3928421971227
684420,NA,21.389905980443
684984,21.5779002266936,21.3941785769487
685085,NA,21.3941785769487
685743,NA,21.3923617887303
685816,21.4803001651308,21.3943603881939
686498,NA,21.3937757406045
686568,21.5763001603773,21.3979240228721
687146,NA,21.3963152809071
687400,21.4802996882936,21.3982240174386
687805,NA,21.3942687512026
688166,21.5594999227906,21.3980240051023
688461,NA,21.3980240051023
689091,21.3687001706567,21.3997058216919
689109,NA,21.3997058216919
689745,NA,21.3957478218092
690498,NA,21.3957478218092
690681,18.3229498886503,21.3235675701262
691249,NA,21.3235675701262
691479,21.5215002294863,21.3280660396571
691811,NA,21.3266559460669
692474,NA,21.3266559460669
693036,18.3633506018959,21.2581966617003
693156,NA,21.2581966617003
693729,NA,21.2581966617003
694493,NA,21.261632277624
694644,18.3017503665178,21.1927978145751
695253,NA,21.1935906122124
695785,NA,21.1935906122124
696009,20.8411002631765,21.1853931622348
696540,NA,21.1853931622348
697125,NA,21.2537370667221
697571,18.3565503638238,21.1863606317709
697885,NA,21.1775144663649
698445,NA,21.1775144663649
699128,18.3633503634774,21.1012918505585
699201,NA,21.1012918505585
699741,NA,21.0906428615307
700493,NA,21.0906428615307
700631,20.6755005097948,21.0807585198227
701255,NA,21.0726233518472
701429,21.5210996862734,21.0833013598098
701815,NA,21.0760672350511
702385,21.3314999340801,21.0821489659803
702466,NA,21.0821489659803
703042,NA,21.0800477110287
703417,21.240699766553,21.0838727599697
703798,NA,21.0752476996362
704420,21.2755004800856,21.0800156229802
704421,NA,21.0711111186708
705037,NA,21.0711111186708
705381,21.3262993518729,21.0771870289852
705797,NA,21.0726720783774
706133,21.576299206703,21.0846632004804
706429,NA,21.0744671795557
707085,NA,21.0744671795557
707842,NA,21.0658613515203
708601,NA,21.0658613515203
709127,14.3912006041792,20.9030647479266
709357,NA,20.8865438712011
709713,NA,20.8865438712011
710016,21.411899930099,20.8839538577486
710467,NA,20.8839538577486
710812,21.5243000573246,20.8853138533807
711107,NA,20.8853138533807
711604,21.5291005339241,20.8893738608
711757,NA,20.8893738608
712359,NA,20.8893738608
713040,NA,20.8738937018751
713201,18.3153498890169,20.8099301065537
713784,NA,20.7902898453579
713951,21.5795000545913,20.8100201005887
714319,NA,20.7914180477218
714853,21.3962996924529,20.8065400888401
714970,NA,20.7867718818792
715597,NA,20.7867718818792
715901,21.2211001779651,20.7775718762214
716350,NA,20.7775718762214
716957,NA,20.7583842897056
717471,18.346949887462,20.696552638366
717703,NA,20.696552638366
718280,NA,20.6734224512184
718405,21.3587003039429,20.6909936782113
719026,NA,20.6676540384728
719189,21.5379004006973,20.6899680477606
719665,NA,20.6716540428016
719940,21.5774999218993,20.6948808602144
720318,NA,20.6716645467999
720710,21.5547003998654,20.6943064917503
720982,NA,20.6741277045727
721492,21.541099341237,20.6963577465384
721636,NA,20.6963577465384
722299,NA,20.6732224181102
722324,21.4803001651308,20.6939167193158
723030,NA,20.6706329508283
723088,21.5627007706789,20.6935064846707
723604,NA,20.6702961293095
723862,21.5502997512231,20.6928603247432
724266,NA,20.6715592808675
724616,21.574700054829,20.6947167366101
724915,NA,20.6714224548119
725368,21.5763003987959,20.6946244533756
725565,NA,20.6713803540777
726126,21.5699000550667,20.6944193207698
726224,NA,20.6944193207698
726889,NA,20.6737382459182
726905,21.5447005331516,20.6960706122575
727646,NA,20.6729066767806
727685,21.5431004668353,20.6952193380641
728313,NA,20.6745593288475
728450,21.5615005323198,20.6973014109878
728967,NA,20.6746119764667
729257,21.5111002963968,20.6960603949265
729629,NA,20.6783593481967
730216,21.3279001726769,20.6950142411321
730289,NA,20.6950142411321
730925,NA,20.6950142411321
731013,21.5231002958026,20.777069379777
731674,NA,20.777069379777
731901,21.4139003012097,20.7743104072571
732323,NA,20.7743104072571
732659,21.5694997502724,20.7941901408325
732939,NA,20.8565193597796
733431,21.5531005327357,20.8739338891035
733533,NA,20.8739338891035
734194,NA,20.8739338891035
734208,21.5463004002813,20.9550476399476
734941,NA,20.9550476399476
734960,21.576700226753,20.9702098981624
735597,NA,20.973437639037
735768,21.5091004021233,20.9865025844781
736258,NA,20.9865025844781
736639,21.4338995185681,21.0615598809353
736911,NA,21.0615598809353
737543,21.3938996925717,21.0694727335933
737550,NA,21.1354757182303
738192,NA,21.1354757182303
738294,21.5779002266936,21.1460096350985
738939,NA,21.1460096350985
739081,21.5342994472012,21.1664572288462
739602,NA,21.1664572288462
739851,21.5555005326169,21.1672762966163
740254,NA,21.1672762966163
740603,21.5771002931288,21.1731239242127
740908,NA,21.1731239242127
741356,21.5755007036496,21.1824815237345
741560,NA,21.181095375096
742110,21.5742997500347,21.1902396628852
742222,NA,21.1882096434281
742877,NA,21.1882096434281
742878,21.5575002277037,21.1967977965508
743554,NA,21.193714426186
743640,21.5646999889286,21.2023419974125
744217,NA,21.1934382543342
744400,21.5671004656469,21.2021280732019
744866,NA,21.2021280732019
745189,21.5318996857386,21.2096228825778
745523,NA,21.2096228825778
745942,21.5750996835995,21.372893316201
746174,NA,21.372893316201
746695,21.5750999220181,21.3773867963302
746837,NA,21.3766024069264
747477,21.5411002949113,21.3802579155483
747498,NA,21.3769842305079
748139,NA,21.3769842305079
748228,21.5775003987364,21.3780842274355
748889,NA,21.3780842274355
749548,NA,21.3780842274355
749812,18.3309501266631,21.3103701363072
750304,NA,21.3784387782911
750567,21.5727003989741,21.3827557031951
750855,NA,21.3782842406634
751380,21.5034997535404,21.3810668076162
751515,NA,21.3807206056881
752162,NA,21.3807206056881
752197,21.4986997537781,21.3833423645346
752909,NA,21.3870296869566
752950,21.5755002268124,21.3912179211756
753476,NA,21.3912179211756
754135,NA,21.4604058310327
754495,18.3777503627643,21.3919023761823
754893,NA,21.3919023761823
755344,21.4603004709352,21.394160157671
755448,NA,21.394160157671
756093,21.5798999217805,21.3950934803618
756096,NA,21.3950934803618
756746,NA,21.3909478794178
756865,21.5526999895228,21.3945423707534
757501,NA,21.3909024155463
757773,21.389900302398,21.3908801463653
758154,NA,21.3874660737545
758523,21.5795002930099,21.3917335008491
758792,NA,21.3917335008491
759295,21.5526999895228,21.3933423858356
759448,NA,21.3933423858356
760079,21.538300467073,21.3928001568666
760109,NA,21.3928001568666
760767,NA,21.3892206206312
760890,21.5062998197973,21.3918223806127
761525,NA,21.387666069835
761775,21.4174998241942,21.3883290421541
762176,NA,21.3840569658668
762826,NA,21.3840569658668
763295,16.1592005166458,21.2610865218118
763509,NA,21.2610865218118
764036,NA,21.2610865218118
764280,21.2971004790161,21.2554592478542
764781,NA,21.2554592478542
765039,21.5678999223746,21.2560228718437
765401,NA,21.2560228718437
765842,21.5159005345777,21.2549865082586
766048,NA,21.2549865082586
766694,NA,21.2490303736508
766712,21.4351002337644,21.2532592341079
767449,NA,21.2515233983272
767566,21.4543007096509,21.2561319735846
768089,NA,21.2561319735846
768346,21.5431004668353,21.2565865229262
768724,NA,21.2565865229262
769255,21.3878996928688,21.2559956000094
769382,NA,21.2559956000094
770007,NA,21.2487048058172
770601,20.863500672509,21.2399501664239
770753,NA,21.2326675997654
771330,NA,21.2326675997654
772082,NA,21.2326675997654
772152,18.3705506015394,21.1588129532831
772831,NA,21.1588129532831
773054,21.3962999308715,21.1546175975649
773309,NA,21.1546175975649
773949,NA,21.1461775307897
774216,21.0843004231574,21.1447385282866
774700,NA,21.1378537428037
774999,21.5391006390564,21.1471850659724
775293,NA,21.1413109081962
775835,21.4754996885313,21.149082740297
775949,NA,21.149082740297
776598,NA,21.1388728001447
777348,NA,21.1388728001447
777355,18.407350361289,21.0644216314325
778102,NA,21.0644216314325
778463,21.149500247906,21.054754957987
778664,NA,21.054754957987
779277,NA,21.0420148278616
779494,21.2414999385364,21.0467644733539
780031,NA,21.0338684677369
780331,21.4743004038464,21.0443549424062
780651,NA,21.0314294592933
781192,21.4455001668539,21.0412882856638
781293,NA,21.0412882856638
781942,NA,21.0286977504921
782076,21.4178999298019,21.0379644690471
782691,NA,21.0251172612451
782937,21.4459002332296,21.0351359034352
783262,NA,21.0221611580154
783912,NA,21.0221611580154
784098,21.0859002510551,21.0112831230231
784669,NA,21.0112831230231
785291,NA,20.9971877090087
785620,18.4049496461521,20.9339623904025
786045,NA,20.9179339521121
786375,21.5731004653499,20.9339136231666
786605,NA,20.918733956373
787125,21.5795007698471,20.9348502201163
787263,NA,20.9348502201163
787924,NA,20.9187839656508
788118,21.2878998306114,20.9277867916255
788680,NA,20.9277867916255
788868,21.5786994450027,21.0070001896337
789309,NA,21.0070001896337
789622,21.5747005316662,21.0070489733579
789978,NA,21.0070489733579
790642,NA,20.9946377038534
791178,18.3641498865909,20.9304794644079
791399,NA,20.9304794644079
791954,NA,20.9162739571737
792474,20.9239007359138,20.9164599761674
792704,NA,20.8999839699012
793228,NA,20.8999839699012
793981,NA,20.8999839699012
793993,18.4081505996874,20.9007439758243
794732,NA,20.9007439758243
795287,NA,20.8863963733856
795545,18.368550124811,20.8234502171712
796045,NA,20.8040540708992
796603,NA,20.8040540708992
796627,21.1807007231982,20.8134702372066
797353,NA,20.7945156281729
797480,21.4558995838743,20.8110502270654
797965,NA,20.7962079174415
798303,21.4918998205103,20.8136002150182
798607,NA,20.79396175148
799066,21.5631001610309,20.8131902117188
799252,NA,20.7942284225443
799913,NA,20.7942284225443
800096,21.2431004816899,20.7866591921499
800669,NA,20.7866591921499
801197,21.1575001811143,20.795930216874
801296,NA,20.7777156116708
801903,NA,20.7777156116708
802140,21.3471008869819,20.7759105107166
802655,NA,20.7759105107166
803106,21.3199002394686,20.7895102539354
803213,NA,20.9082361446352
803842,NA,20.9082361446352
803972,21.440300538321,20.9215377544773
804597,NA,20.9119079410276
804921,21.3399006489199,20.9226077587249
805233,NA,20.9060618058108
805687,21.5599002275849,20.9224077663552
805867,NA,20.9071900030674
806518,NA,20.9071900030674
807034,20.8631000900641,20.9060877552423
807276,NA,20.8925233327161
807782,21.5811008753954,20.9097377712831
807852,NA,20.8957746190173
808517,NA,20.8957746190173
808676,21.405899453559,20.8922566443179
809273,NA,20.8922566443179
809528,21.4567002326949,20.8940207607237
809909,NA,20.8940207607237
810282,21.5739003989147,20.9110177516785
810555,NA,20.9122361383238
811058,21.5474999233847,20.9281177329503
811213,NA,20.9281177329503
811805,21.5823001600802,20.9440734019047
811868,NA,21.0084114719139
812525,NA,21.0084114719139
812662,21.4506997561548,21.0097714675459
813213,NA,21.0097714675459
813411,21.5799006370362,21.0236770570457
813865,NA,21.0221614728929
814249,21.4738998214016,21.0331794813931
814523,NA,21.0205314524515
815158,21.3883004745003,21.0295014285991
815165,NA,21.0183514721008
815804,NA,21.0183514721008
815908,21.5787001602584,21.0320185132753
816561,NA,21.0320185132753
816655,21.5823003984988,21.109456319061
817220,NA,21.109456319061
817567,21.3843004083028,21.1151831522414
817834,NA,21.1151831522414
818462,NA,21.1151831522414
818770,21.0354997767136,21.1101587580506
819213,NA,21.1101587580506
819805,NA,21.1010552169057
820298,20.6459003392374,21.089953878426
820559,NA,21.0810652212152
821117,NA,21.0810652212152
821212,21.3823004747974,21.0884124225221
821869,NA,21.0801752348401
822278,21.1995006558718,21.0830856109629
822507,NA,21.0740152454062
823047,NA,21.0740152454062
823330,21.2167004829971,21.0774953731523
823805,NA,21.0772852512047
824083,21.5759000547696,21.0894465878771
824427,NA,21.0894465878771
824834,21.5775001603179,21.1668258687104
825075,NA,21.1668258687104
825586,21.5770998162916,21.1669234138553
825732,NA,21.1669234138553
826379,NA,21.1566089799555
826474,21.4131006452953,21.1628648742321
827126,NA,21.1628648742321
827224,21.5786999218399,21.169957559384
827766,NA,21.169957559384
827972,21.5811003985582,21.1700161192268
828424,NA,21.1700161192268
829082,NA,21.1598990089158
829490,18.41015036116,21.0928319687267
829837,NA,21.0928319687267
830241,21.5779002266936,21.1712161233633
830394,NA,21.1712161233633
831053,NA,21.1712161233633
831078,21.474699993385,21.1846502515943
831804,NA,21.1846502515943
831828,21.5787006370956,21.1940324036301
832449,NA,21.1940324036301
832637,21.5082999917213,21.2678454843928
833037,NA,21.2678454843928
833693,NA,21.2678454843928
834162,18.4009501232067,21.268616912926
834449,NA,21.268616912926
834960,21.5215004679048,21.2744979258325
834997,NA,21.2767311925619
835647,NA,21.2767311925619
836296,20.8759000230348,21.2629216792086
836411,NA,21.2629216792086
836989,NA,21.2573368464939
837388,21.1683006574167,21.2552169372301
837744,NA,21.2477075903082
838254,21.4395004055696,21.2522740859096
838357,NA,21.2522740859096
838999,NA,21.252497832354
839096,21.4682999273064,21.2576359774719
839746,NA,21.2600783139684
839948,21.4570998222334,21.2647693022605
840398,NA,21.2647693022605
840712,21.5623007043032,21.2698931074348
841037,NA,21.2698931074348
841511,21.5206998190843,21.2746740498066
841695,NA,21.2746740498066
842282,21.5543000558391,21.2811769801794
842349,NA,21.2773883240332
842941,NA,21.2773883240332
843697,NA,21.2758636331823
843851,18.3481506026583,21.2061561800746
844450,NA,21.1975282764768
844737,21.4159007115522,21.2027276201691
845005,NA,21.2027276201691
845647,NA,21.2110112184643
846265,18.3977498849272,21.144028805761
846402,NA,21.1333685113797
846967,NA,21.1333685113797
847017,21.5762996835401,21.1439144916692
847724,NA,21.13752461455
847766,21.5802999881562,21.1480668853501
848381,NA,21.140539242732
848516,21.5795005314285,21.1509907019867
849053,NA,21.1406758313299
849268,21.5766999883344,21.1510573588776
849714,NA,21.141388028036
850015,21.5827002264559,21.1518954613317
850380,NA,21.1413977857524
850767,21.5763003987959,21.1517526098725
851044,NA,21.1517526098725
851535,21.5578998172423,21.1543049922794
851705,NA,21.1543049922794
852365,NA,21.1439246106999
852370,21.4770997548476,21.1518573522273
853047,NA,21.1440026578572
853221,21.4579002326354,21.1514764096376
853697,NA,21.1457002129336
853970,21.5806998161133,21.1560573463427
854343,NA,21.1560573463427
854999,NA,21.1457489850276
855757,NA,21.1457489850276
856234,17.5141501671169,21.0465258086525
856512,NA,21.0465258086525
856980,NA,21.0380814436612
856983,21.5798999217805,21.0512965284934
857725,NA,21.0512965284934
857825,21.4691002984764,21.0618721509754
858381,NA,21.0618721509754
859028,NA,21.0618721509754
859345,18.407750838116,21.0072831387529
859785,NA,21.0072831387529
860133,21.5335004673107,21.0198121227662
860338,NA,21.0109709434484
860989,NA,21.0109709434484
861650,18.4109501226922,20.9429575158099
861741,NA,20.9429575158099
862294,NA,20.9429575158099
862397,21.5831002928317,20.9518940965375
862979,NA,20.9518940965375
863634,NA,20.9362939475817
863916,18.4089501228009,20.87465141527
864397,NA,20.8570801966438
864942,NA,20.8570801966438
865436,18.4073501228704,20.7778364543083
865695,NA,20.7778364543083
866250,NA,20.7778364543083
866573,21.1143004216719,20.7703664487177
867005,NA,20.7703664487177
867529,21.3315001724986,20.7641864549841
867611,NA,20.7641864549841
868240,NA,20.7432399436105
868349,21.4950997539563,20.7620364388691
868989,NA,20.7620364388691
869170,21.4942993435543,20.839140163429
869631,NA,20.839140163429
870057,21.4146992811002,20.8350601397891
870269,NA,20.8350601397891
870878,21.4942998203915,20.8511391563892
870915,NA,20.8355501354643
871564,NA,20.8355501354643
871646,21.5579000556609,20.8350301209284
872317,NA,20.8350301209284
872401,21.5730999885127,20.8366501208482
872909,NA,20.8366501208482
873266,21.4410999950487,20.8513928007068
873568,NA,20.9126538676443
874016,21.578700398677,20.9288989049865
874211,NA,20.9140838659136
874816,21.5194998191437,20.9288501086753
874819,NA,20.9288501086753
875466,NA,20.9301738608163
875686,21.4355005385587,20.9424989017368
876213,NA,20.9424989017368
876496,21.5074995813193,20.9507720462223
876849,NA,20.9507720462223
877306,21.5071002301993,20.9524208224327
877492,NA,20.9524208224327
878119,21.5038998199161,20.9655512747538
878132,NA,20.9532891124964
878774,NA,20.9532891124964
878890,21.5535001615062,20.9556403402835
879517,NA,20.9556403402835
879732,21.4686997552635,20.953357390307
880173,NA,20.953357390307
880620,21.4131006452953,20.9507330202145
880809,NA,20.9507330202145
881380,21.5674998167669,20.951054965603
881437,NA,20.951054965603
882093,NA,20.951054965603
882212,21.4807002315065,20.9636655671722
882781,NA,21.0274586150871
883035,21.4910994493403,21.0384976825693
883421,NA,21.0292927306429
883860,21.4891002310906,21.0402405282726
884072,NA,21.0402405282726
884666,21.5114999251673,21.1143774339926
884717,NA,21.1143774339926
885365,NA,21.1143774339926
885441,21.5495000560768,21.1137393476245
886120,NA,21.1137393476245
886226,21.5375005335081,21.11272031299
886779,NA,21.11272031299
887105,21.4243002342992,21.1090250678202
887437,NA,21.1090250678202
887924,21.4963007075712,21.1071107992307
888074,NA,21.1071107992307
888698,21.5506998175988,21.106348884734
888722,NA,21.106348884734
889371,NA,21.0948866526838
889689,21.2903003073297,21.0995393587468
890125,NA,21.0883598353688
890477,21.5334997520549,21.0989584048137
890749,NA,21.0989584048137
891267,21.5307004010538,21.1002346106758
891403,NA,21.1002346106758
892048,NA,21.0915110589207
892049,21.540300638997,21.102196525113
892742,NA,21.0905257131373
892818,21.5567005325574,21.1016251135997
893391,NA,21.1016251135997
893622,21.5143004682614,21.1112222148709
894046,NA,21.1968667874365
894371,21.5798999217805,21.2057745347468
894696,NA,21.2057745347468
895134,21.5634997505695,21.2053931354163
895347,NA,21.2053931354163
895952,21.4971006411361,21.2060443061759
896013,NA,21.2060443061759
896669,NA,21.2060443061759
896826,21.4306998235406,21.2763454453718
897419,NA,21.2763454453718
897613,21.5342992087826,21.2763640207548
898068,NA,21.2763640207548
898591,21.3059000681387,21.277035294559
898720,NA,21.3436884380908
899342,21.5783007699065,21.3490205365412
899349,NA,21.3490205365412
900010,NA,21.3435768212786
900164,21.4926999924937,21.3469659842608
900765,NA,21.3469659842608
900937,21.5518995791208,21.4183966537226
901418,NA,21.4183966537226
901699,21.5646999889286,21.4216478389494
902077,NA,21.4901546052239
902501,21.5167002297239,21.4907445079906
902712,NA,21.4907445079906
903252,21.577899988275,21.5010467205818
903291,NA,21.5010467205818
903941,NA,21.50490005122
904022,21.5547001614468,21.5060067203362
904691,NA,21.5060067203362
904810,21.5331001625163,21.5068511738597
905344,NA,21.5068511738597
905627,21.4982996874023,21.5069400703897
906004,NA,21.5069400703897
906378,21.5783005314879,21.5105756537316
906659,NA,21.5105756537316
907146,21.5575002277037,21.5119801072274
907322,NA,21.5119801072274
907918,21.5531005327357,21.5128740295211
907967,NA,21.5118734511624
908625,NA,21.5118734511624
908699,21.5423005332705,21.5111890188237
909377,NA,21.5111890188237
909597,21.4018998249667,21.510317903933
910029,NA,21.510317903933
910375,21.545900056255,21.5095890074347
910680,NA,21.5095890074347
911138,21.5639000553638,21.5105756793507
911328,NA,21.5105756793507
911950,21.5047002303181,21.5104479521979
911989,NA,21.5121134502787
912637,NA,21.5121134502787
912717,21.5587002276443,21.5132512424193
913301,NA,21.5132512424193
913520,21.5151001634076,21.5134290187128
913961,NA,21.5134290187128
914285,21.5607006379869,21.5146912591144
914620,NA,21.5146912591144
915062,21.5463001618627,21.5153784091741
915277,NA,21.5145312591223
915895,21.4795002315659,21.513769715045
915938,NA,21.5147712697068
916589,NA,21.5147712697068
916709,21.502699581557,21.5167623571793
917341,NA,21.5167623571793
917508,21.5202999911271,21.5157134721651
917993,NA,21.5157134721651
918335,21.4862996879965,21.5150740420744
918646,NA,21.5158379045315
919084,21.5807002929505,21.5172479564537
919290,NA,21.5178290343895
919879,21.5247004013509,21.5179784119322
919946,NA,21.5186201492842
920601,NA,21.5186201492842
920633,21.5738999220775,21.5200068158822
921357,NA,21.5200068158822
921417,21.538699818193,21.5204131854976
922014,NA,21.5197668105959
922194,21.5471000561956,21.5203610115872
922669,NA,21.5199801333223
922952,21.5691001607338,21.5210479600051
923245,NA,21.5231979094653
923814,21.4451000612462,21.5215001301562
923901,NA,21.5220601173247
924549,NA,21.5220601173247
924623,21.5082999917213,21.5211178989719
925298,NA,21.5211178989719
925416,21.5279005339835,21.5212653475591
925945,NA,21.5263979040086
926190,21.5507000560174,21.526926211661
926600,NA,21.5267801329856
926940,21.5787001602584,21.5279088292306
927258,NA,21.5278467943012
927705,21.5607001611497,21.5285609979284
927917,NA,21.5285609979284
928470,21.561499817064,21.5290218496255
928572,NA,21.5290218496255
929225,NA,21.5284067677825
929281,21.5054999254644,21.5279087929495
929976,NA,21.5282112001648
930040,21.5679001607932,21.5290740036568
930621,NA,21.5279445388096
930790,21.5786992065841,21.5290479011525
931275,NA,21.5282823044988
931591,21.5183005344588,21.5280653094979
931933,NA,21.5287534132393
932381,21.5311002290109,21.5288044309734
932580,NA,21.5288044309734
933149,NA,21.5309845333608
933159,21.5455004667165,21.5313000971294
933901,NA,21.5312334502038
933946,21.5346997519955,21.5313088045906
934541,NA,21.5363178876229
934723,21.5463001618627,21.5365348935846
935195,NA,21.5356067629997
935789,NA,21.5356067629997
935811,21.1730992266675,21.5277261643837
936534,NA,21.5285045237591
936604,21.527499752352,21.5284826809024
937135,NA,21.5279623053864
937429,21.489099992672,21.5271174725013
937775,NA,21.5262823054696
938272,21.4679002985358,21.5250131314059
938414,NA,21.5251978625543
939052,NA,21.5251978625543
939119,21.4627002323978,21.5226378679793
939789,NA,21.5226378679793
939869,21.5795002930099,21.5238740076539
940429,NA,21.523188982014
940653,21.5379004006973,21.5235087954637
941076,NA,21.5232956539736
941405,21.5770993394544,21.5244652993101
941725,NA,21.5250467573525
942159,21.5739003989147,21.5261087930387
942370,NA,21.5249489766287
942918,21.5678999223746,21.5258826928406
942950,NA,21.5251800809547
943596,NA,21.5251800809547
943682,21.562300227466,21.5253845186154
944345,NA,21.5253845186154
944436,21.5747005316662,21.5264566058556
944995,NA,21.5261045185797
945185,21.5803002265748,21.5272826861448
945645,NA,21.5300689719488
945991,21.5119004683802,21.5296740044799
946298,NA,21.5293134255516
946754,21.5638995785266,21.5300652984423
946950,NA,21.5293134149552
947534,21.543500533211,21.5296218305695
947604,NA,21.5301756439084
948247,NA,21.5301756439084
948287,21.5758995779324,21.5311696424741
948997,NA,21.5305578516926
949065,21.5454999898793,21.5308826807836
949650,NA,21.5312334033919
949814,21.5806998161133,21.5323087601902
950307,NA,21.5316778295725
950579,21.5607003995683,21.5323087550072
950965,NA,21.5319978348549
951332,21.5750999220181,21.5329348367497
951625,NA,21.5341222724205
952086,21.5742999884533,21.5349957010299
952280,NA,21.5349957010299
952837,21.577899988275,21.5366304924803
952874,NA,21.5366304924803
953536,NA,21.5369933925103
953592,21.5727006373927,21.5377696369643
954293,NA,21.538913413608
954351,21.5686998167075,21.5395609441102
954948,NA,21.5386467363582
955116,21.5615005323198,21.5391435580095
955613,NA,21.5394645170464
955870,21.574700054829,21.5402305069982
956277,NA,21.5402305069982
956675,21.5135005346965,21.5389174768377
956935,NA,21.5389174768377
957426,21.5778997498564,21.5397696492652
957587,NA,21.5397696492652
958176,21.5794995777542,21.5404739866904
958248,NA,21.5404739866904
958906,NA,21.5398378494894
958932,21.571500160615,21.5405261606008
959661,NA,21.5426467405865
959691,21.5686995782889,21.5432131066235
960323,NA,21.5432131066235
960451,21.5675000551855,21.5445000645249
960977,NA,21.5445000645249
961205,21.5746995779919,21.5455174350468
961638,NA,21.5455174350468
961971,21.5599004660035,21.5457174439596
962293,NA,21.5457174439596
962721,21.5791002266342,21.5457261410547
962885,NA,21.5457261410547
963479,21.5698998166481,21.5459261335655
963555,NA,21.5459261335655
964212,NA,21.54558005171
964297,21.4975007075118,21.5445348485753
964973,NA,21.5445348485753
965056,21.5683002271689,21.5459000725254
965636,NA,21.5459000725254
965817,21.5663007705007,21.5458653031712
966299,NA,21.5458653031712
966580,21.563899340108,21.5455435669434
966951,NA,21.5455435669434
967329,21.5798996833619,21.5468826788761
967604,NA,21.5468826788761
968077,21.5811001601396,21.5479696339006
968264,NA,21.5479696339006
968825,21.5811001601396,21.5486745387142
968921,NA,21.5487435402794
969576,NA,21.5487435402794
969636,21.5054999254644,21.5481087614418
970333,NA,21.5481087614418
970458,21.4923004029552,21.5469348536394
970984,NA,21.5469348536394
971274,21.500300058513,21.5459426239559
971637,NA,21.5540479152013
972076,21.5171000576811,21.5532617905732
972287,NA,21.5538218348824
972825,21.5802997497376,21.5543851947729
972874,NA,21.5558044382968
973533,NA,21.5558044382968
973649,21.4898996878183,21.5562826858899
974285,NA,21.5562826858899
974934,NA,21.5562826858899
975064,20.7807001997717,21.5414565982241
975686,NA,21.5414565982241
976253,NA,21.5406111827845
976461,20.8027005034965,21.5245696462782
977005,NA,21.5242734072911
977253,21.5283004011726,21.5243609506363
977581,NA,21.5231889864404
978047,21.5267002956243,21.5232653192487
978240,NA,21.5221400952562
978797,21.5787006370956,21.5233696722527
978893,NA,21.5223801111389
979551,21.573899683659,21.5235001018458
979556,NA,21.5235001018458
980221,NA,21.522637876832
980326,21.5491004665382,21.5232131505213
980973,NA,21.5220689864959
981074,21.5811001601396,21.5233522728794
981629,NA,21.5220867627973
981853,21.5443002283573,21.5225696642225
982285,NA,21.5228067574634
982869,NA,21.5228067574634
983206,20.8555002624635,21.5070645504398
983626,NA,21.5070645504398
984047,21.4699004704598,21.5054289934898
984197,NA,21.5054289934898
984833,NA,21.5054289934898
985018,21.3143000677228,21.4996156710407
985592,NA,21.4996156710407
986101,21.1799000743777,21.491491228474
986219,NA,21.491491228474
986829,NA,21.4894637605731
986851,21.5787001602584,21.4914467916772
987578,NA,21.4898728460433
987681,21.4827001650119,21.4897134531315
988231,NA,21.4877728515659
988450,21.5563009430189,21.4892956980426
988875,NA,21.4873637823515
989260,21.5074995813193,21.4878112445508
989532,NA,21.4857637731025
990039,21.5439006388187,21.4870557034518
990186,NA,21.4870557034518
990838,NA,21.4851092276804
990920,21.4218995191623,21.4837045674911
991592,NA,21.4817728572816
991671,21.577899988275,21.4839090157481
992226,NA,21.4821455721897
992418,21.5831005312502,21.4843890157244
992813,NA,21.4823364921084
993210,21.5286997522926,21.4833667867791
993471,NA,21.4826819288719
993958,21.5818998160539,21.4848867708093
994125,NA,21.4827728394673
994765,21.5111002963968,21.4834023385102
994783,NA,21.4812183103455
995434,NA,21.4812183103455
995516,21.5783000546508,21.4833756824412
996180,NA,21.4813728533918
996267,21.5783002930693,21.4835267964958
996840,NA,21.481591051455
997018,21.5783002930693,21.4837401457131
997497,NA,21.4818365114069
997842,21.4903002310311,21.4820245940652
998154,NA,21.4799183444305
998612,21.5551004662411,21.4815890582485
998750,NA,21.4798092535268
999391,NA,21.4798092535268
